index,movie_id,mm_percent,mf_percent,ff_percent,movie_title,movie_year,imdb_rating,imdb_votes,genres,bechdel,sentiment,tot_conv,affect_conv,posemo_conv,negemo_conv,anxiety_conv,anger_conv,sadness_conv,sexual_conv,work_conv,leisure_conv,home_conv,money_conv,religion_conv,death_conv,swear_conv,netspeak_conv
145,m0,27.86069652,46.26865672,18.4079602,10 things i hate about you,1999,6.9,62847,"['comedy', 'romance']",1,0.06963149,201,134,104,76,11,47,18,14,51,49,9,19,13,8,32,13
345,m1,23.65591398,17.20430108,0,1492: conquest of paradise,1992,6.2,10421,"['adventure', 'biography', 'drama', 'history']",?,0.063081718,93,61,47,43,8,13,14,2,24,4,4,9,29,7,4,0
74,m2,58.42696629,21.91011236,0,15 minutes,2001,6.1,25854,"['action', 'crime', 'drama', 'thriller']",?,0.054388832,178,135,91,95,17,60,25,25,70,47,33,37,9,27,38,31
549,m3,47.94520548,5.479452055,0,2001: a space odyssey,1968,8.4,163227,"['adventure', 'mystery', 'sci-fi']",0,0.053996003,73,62,59,36,10,5,19,0,31,10,4,10,0,6,0,2
474,m4,49.72375691,21.54696133,0,48 hrs.,1982,6.9,22289,"['action', 'comedy', 'crime', 'drama', 'thriller']",0,0.075818918,181,141,102,93,8,68,25,21,47,27,14,49,11,12,71,52
252,m5,20.86330935,20.86330935,0,the fifth element,1997,7.5,133756,"['action', 'adventure', 'romance', 'sci-fi', 'thriller']",0,0.094544165,139,97,80,56,6,24,16,5,39,25,3,11,22,13,14,8
146,m6,76.74418605,10.85271318,0,8mm,1999,6.3,48212,"['crime', 'mystery', 'thriller']",0,0.070132742,129,106,80,73,17,38,27,30,58,34,14,43,16,27,25,19
408,m7,19.23076923,65.38461538,11.53846154,a nightmare on elm street 4: the dream master,1988,5.2,13590,"['fantasy', 'horror', 'thriller']",1,-0.058495948,52,43,21,29,3,18,5,1,11,11,4,2,5,18,6,11
389,m8,0,49.41176471,30.58823529,a nightmare on elm street: the dream child,1989,4.7,11092,"['fantasy',  'horror',  'thriller']",1,0.050465715,85,62,39,42,7,14,16,2,14,19,5,6,3,16,8,14
569,m9,39.47368421,0,0,the atomic submarine,1959,4.9,513,"['sci-fi', 'thriller']",?,0.034287315,76,45,29,28,7,10,6,1,23,5,3,6,3,6,2,26
224,m10,40.86956522,35.65217391,0,affliction,1997,6.9,7252,"['drama', 'mystery', 'thriller']",?,0.011133099,115,98,80,74,9,58,24,25,55,32,20,36,21,14,53,29
225,m11,12.30769231,13.07692308,6.923076923,air force one,1997,6.3,61978,"['action', 'drama', 'thriller']",0,0.091570467,130,95,68,56,9,32,14,4,59,22,18,10,9,18,11,10
475,m12,8.43373494,48.19277108,0,airplane ii: the sequel,1982,5.8,15210,"['comedy', 'romance', 'sci-fi']",?,0.053397374,83,63,46,32,7,9,6,3,31,11,3,4,1,9,4,13
491,m13,0,32.05128205,0,airplane!,1980,7.8,57692,"['comedy', 'romance']",1,0.139707445,78,58,47,31,7,13,11,1,19,12,3,8,2,7,5,10
409,m14,63.10679612,14.5631068,0,alien nation,1988,6.1,5590,"['crime', 'drama', 'sci-fi', 'thriller']",0,0.066049761,103,79,57,52,8,36,11,6,29,12,6,12,12,12,32,23
436,m15,15.67164179,51.49253731,14.92537313,aliens,1986,8.5,173518,"['action', 'sci-fi', 'thriller']",1,0.023291942,134,82,51,53,5,28,10,11,30,18,9,9,8,15,20,10
459,m16,45.29147982,26.9058296,0,amadeus,1984,8.4,99138,"['biography', 'drama', 'music']",1,0.100847525,223,180,165,91,26,40,30,9,87,72,18,34,18,17,10,12
488,m17,37.3015873,38.0952381,0,an american werewolf in london,1981,7.5,24443,"['horror', 'romance']",0,0.048674859,126,93,68,71,18,36,28,8,26,24,10,14,12,30,16,3
609,m18,28.47682119,28.47682119,1.324503311,american madness,1932,7.4,702,['drama'],?,0.115272036,151,112,91,58,16,17,17,2,53,18,22,60,8,13,4,19
75,m19,73.52941176,9.803921569,0,american outlaws,2001,5.7,7425,"['action', 'western']",0,0.100711615,204,141,98,94,18,55,26,1,52,30,16,41,27,36,31,28
104,m20,34.375,41.875,0,american psycho,2000,7.4,101357,"['drama', 'thriller']",0,0.052015471,160,118,103,72,9,41,23,16,46,39,8,24,17,10,31,14
76,m21,42,45.33333333,0,antitrust,2001,6,16453,"['drama', 'thriller']",0,0.082466103,150,103,77,60,20,24,13,1,68,21,21,28,9,11,16,34
229,m22,30.76923077,37.60683761,0,austin powers: international man of mystery,1997,7.1,75240,"['action', 'adventure', 'comedy', 'crime']",0,0.012425926,117,95,79,72,14,27,21,16,49,26,9,22,14,14,15,11
214,m23,7.913669065,63.30935252,5.755395683,the avengers,1998,3.4,21519,"['action', 'adventure', 'thriller']",1,0.029083377,139,98,75,58,17,28,18,1,38,21,10,9,14,21,3,3
460,m24,41.09589041,13.01369863,2.054794521,bachelor party,1984,5.9,14050,"['comedy', 'romance']",1,0.161345022,146,116,95,60,7,32,18,25,33,42,21,17,15,9,26,21
364,m25,56.66666667,22,0,backdraft,1991,6.6,28541,"['action', 'crime', 'drama', 'mystery', 'thriller']",?,0.057152181,150,125,88,90,9,63,28,23,69,26,20,16,18,22,59,52
346,m26,32.5,35,0,bad lieutenant,1992,6.9,13908,"['crime', 'drama']",?,0.012148764,40,36,29,31,3,24,6,20,13,16,6,22,18,12,23,16
105,m27,36.41618497,32.94797688,0,bamboozled,2000,6.3,5995,"['comedy', 'drama', 'music']",0,0.138823149,173,136,119,80,17,39,18,12,57,52,16,31,13,12,33,58
518,m28,43.75,18.75,0,barry lyndon,1975,8.1,40622,"['drama', 'romance', 'war']",0,0.212066443,80,75,74,53,22,25,19,4,38,37,26,32,26,17,0,11
43,m29,39.11111111,40,0,basic,2003,6.3,26295,"['crime', 'drama', 'mystery', 'thriller']",1,-0.017935234,225,152,86,119,16,89,19,29,55,20,17,35,19,66,46,28
44,m30,30.76923077,47.69230769,4.615384615,big fish,2003,8.1,144264,"['adventure', 'drama', 'fantasy']",0,0.138068629,130,88,77,44,6,11,14,1,20,11,10,20,11,13,3,5
77,m31,31.46067416,64.04494382,0,birthday girl,2001,6,13497,"['comedy', 'crime', 'romance', 'thriller']",?,0.036466254,89,60,45,39,6,16,22,11,18,13,6,21,8,7,13,1
14,m32,32.37410072,58.27338129,0,black snake moan,2006,7.1,28509,['drama'],?,0.054618349,139,121,87,87,11,50,23,25,27,34,19,18,33,10,50,76
391,m33,34.64566929,14.17322835,0,black rain,1989,6.4,16249,"['action', 'crime', 'drama', 'thriller']",?,0.096024303,127,74,55,40,4,23,10,1,33,18,13,17,6,9,17,5
477,m34,42.75862069,40.68965517,0,blade runner,1982,8.3,188735,"['drama', 'sci-fi', 'thriller']",0,0.089802491,145,98,72,59,15,25,16,6,56,15,14,6,3,15,13,11
149,m35,17.28395062,69.5473251,0,blast from the past,1999,6.4,23489,"['comedy', 'drama', 'romance']",1,0.129065833,243,185,165,82,7,36,35,12,51,46,41,31,20,9,32,11
437,m36,14.46540881,60.37735849,0,blue velvet,1986,7.8,54576,"['crime', 'mystery', 'thriller']",0,0.120320645,159,136,121,76,15,39,20,18,20,26,40,10,12,15,24,27
174,m37,62.73291925,9.316770186,0,the boondock saints,1999,7.8,87895,"['action', 'crime', 'drama', 'thriller']",0,-0.02532009,161,133,84,115,9,99,17,69,35,26,16,19,31,31,93,51
264,m38,86.61710037,1.858736059,0,bottle rocket,1996,7.2,22303,"['comedy', 'crime']",?,0.056707997,269,180,125,104,20,50,12,18,43,24,31,27,22,11,36,4
36,m39,0,60.3960396,6.930693069,the bourne supremacy,2004,7.6,106349,"['action', 'adventure', 'mystery', 'thriller']",0,0.027922787,101,69,44,49,6,26,16,2,23,16,7,14,10,28,8,10
288,m40,43.37349398,32.53012048,3.614457831,braveheart,1995,8.4,245652,"['action', 'biography', 'drama', 'history', 'war']",0,0.084773358,83,63,50,45,7,31,15,3,25,10,6,4,24,28,1,4
37,m41,17.85714286,50.71428571,0,the butterfly effect,2004,7.8,104917,"['drama', 'mystery', 'sci-fi', 'thriller']",0,0.012951012,140,114,72,86,10,43,23,16,38,29,8,9,18,8,38,26
594,m42,62.72727273,33.18181818,0,casablanca,1942,8.8,170874,"['drama', 'romance', 'war']",0,0.1094131,220,173,153,77,13,28,25,0,74,49,6,48,8,14,0,19
107,m43,48.8372093,35.65891473,0,cast away,2000,7.5,104477,"['adventure', 'drama']",0,0.048631414,129,83,61,48,5,28,15,7,22,14,6,11,13,13,27,9
175,m44,30.56994819,45.07772021,3.10880829,the cider house rules,1999,7.5,38836,"['drama', 'romance']",1,0.157990043,193,153,114,82,10,27,21,8,56,25,10,16,7,19,7,15
52,m45,53.46534653,24.25742574,0,confidence,2003,6.8,17235,"['crime', 'thriller']",?,0.061835048,202,153,123,107,16,72,23,37,68,31,15,63,11,12,64,31
190,m46,38.58267717,55.11811024,0,croupier,1998,7.2,9060,"['crime', 'drama']",?,0.049841374,127,81,62,52,13,30,13,10,52,41,8,58,3,3,15,3
528,m47,96.77419355,0,0,dark star,1974,6.5,8303,"['comedy', 'sci-fi', 'thriller']",0,0.060912991,62,43,36,22,1,9,11,2,21,7,3,1,7,7,6,7
378,m48,46.45669291,21.25984252,0,dark angel,1990,5.3,3452,"['action', 'crime', 'drama', 'horror', 'sci-fi', 'thriller']",0,0.043879787,127,85,67,59,15,30,19,3,51,21,17,39,11,8,18,40
153,m49,59.05511811,16.53543307,0,detroit rock city,1999,6.5,14666,"['comedy', 'music']",?,0.031221201,127,101,79,78,13,50,13,27,21,54,9,17,23,4,49,27
80,m50,20.63492063,43.65079365,3.968253968,donnie darko,2001,8.3,215194,"['drama', 'mystery', 'sci-fi']",1,0.037908977,126,88,58,65,18,38,20,20,42,35,26,12,12,17,27,6
154,m51,5.681818182,6.818181818,65.90909091,drop dead gorgeous,1999,6.3,16417,"['comedy', 'adult']",1,0.117108785,88,69,60,41,5,21,9,6,16,29,16,14,19,10,24,34
608,m52,81.42857143,12.85714286,0,duck soup,1933,8.1,27112,"['comedy', 'musical']",0,0.101507067,70,59,47,45,6,29,16,0,24,12,10,15,2,14,1,16
495,m53,66.38655462,26.8907563,0,the elephant man,1980,8.4,59625,"['biography', 'drama', 'history']",?,0.188456606,119,96,88,45,17,14,17,0,33,9,17,8,13,6,6,7
394,m54,56,24.57142857,0,erik the viking,1989,5.9,5889,"['comedy', 'adventure', 'fantasy']",?,0.00908045,175,103,66,61,10,37,10,9,22,16,5,8,8,32,4,3
30,m55,9.756097561,72.68292683,1.463414634,eternal sunshine of the spotless mind,2004,8.5,224838,"['drama', 'romance', 'sci-fi']",0,0.079841824,205,168,149,98,29,50,44,31,43,40,29,10,24,8,38,20
334,m56,7.317073171,60.97560976,24.3902439,even cowgirls get the blues,1993,4,3947,"['comedy', 'drama', 'romance', 'western']",1,0.082307314,41,36,35,25,7,16,11,10,22,13,7,14,10,7,13,15
234,m57,46.22641509,39.1509434,2.830188679,event horizon,1997,6.4,45497,"['horror', 'mystery', 'sci-fi']",1,0.016045204,212,116,74,73,15,35,15,8,50,22,19,8,22,26,28,12
19,m58,46.47058824,48.82352941,0,fantastic four,2005,5.7,72581,"['action', 'adventure', 'fantasy', 'sci-fi']",0,0.083612494,170,110,86,53,9,13,18,3,57,19,10,17,8,4,8,8
478,m59,20.93023256,27.90697674,17.44186047,fast times at ridgemont high,1982,7.2,31710,"['comedy', 'drama', 'romance']",0,0.119592222,172,118,93,55,11,24,14,28,55,34,23,23,11,6,23,15
194,m60,64.1025641,10.25641026,0,fear and loathing in las vegas,1998,7.6,82748,"['drama', 'fantasy']",0,-0.000644835,117,92,54,79,17,64,14,27,42,36,24,28,34,13,57,7
20,m61,0,21.48148148,3.703703704,feast,2005,6.4,12248,"['action', 'comedy', 'horror', 'thriller']",?,0.045314111,135,85,50,44,7,27,8,7,7,8,11,4,12,9,26,23
479,m62,3.680981595,60.73619632,17.79141104,frances,1982,7.2,2756,"['biography', 'drama']",1,0.12136536,163,138,116,87,13,48,29,11,69,45,25,21,27,16,29,37
614,m63,30.76923077,23.07692308,7.692307692,frankenstein,1931,8,23522,"['drama', 'horror', 'sci-fi']",0,0.05839768,91,76,60,52,15,25,18,2,32,13,8,12,15,15,2,0
4,m64,17.0212766,59.57446809,5.319148936,friday the 13th,2009,5.6,27499,['horror'],0,0.127360328,94,61,42,28,3,12,8,3,13,8,5,9,9,7,6,14
268,m65,68.14159292,23.89380531,0,from dusk till dawn,1996,7.1,81559,"['action', 'crime', 'horror', 'thriller']",0,0.020484741,113,89,62,69,12,53,17,35,20,28,22,15,23,24,48,35
236,m66,0,42.51968504,11.81102362,g.i. jane,1997,5.6,24068,"['action', 'drama']",1,0.053635962,127,95,76,62,9,46,16,18,62,23,20,9,10,7,35,46
196,m67,31,47,8,godzilla,1998,4.9,60310,"['action', 'horror', 'sci-fi', 'thriller']",1,0.105895364,100,71,55,37,1,22,7,6,24,9,3,8,13,6,14,7
159,m68,54.67980296,32.51231527,0,galaxy quest,1999,7.2,53004,"['action', 'adventure', 'comedy', 'sci-fi']",0,0.068954683,203,135,101,80,12,43,11,5,54,26,14,10,20,24,21,7
113,m69,60,20,0,george washington,2000,7.5,3142,['drama'],?,0.078632192,145,125,103,79,20,54,24,11,74,22,13,30,32,24,19,4
291,m70,62.62135922,26.69902913,0,get shorty,1995,6.9,33588,"['comedy', 'crime', 'thriller']",?,0.05130651,206,153,108,99,15,60,18,40,71,65,23,68,10,11,63,52
58,m71,52.30769231,43.07692308,0,ghost ship,2002,5.3,26413,"['horror', 'mystery', 'thriller']",?,0.077923252,195,127,79,85,8,49,20,6,38,19,2,38,18,8,41,36
81,m72,1.401869159,42.52336449,45.79439252,ghost world,2001,7.7,43550,"['comedy', 'drama']",?,0.01663939,214,168,134,112,25,73,32,30,67,67,21,51,54,11,50,37
281,m73,86.81318681,3.296703297,0,the ghost and the darkness,1996,6.6,19954,"['adventure', 'drama', 'thriller']",?,0.09531391,91,75,64,48,15,27,16,0,34,5,7,6,10,18,2,0
396,m74,43.29268293,30.48780488,0,ghostbusters ii,1989,6.1,45450,"['action', 'adventure', 'comedy', 'fantasy', 'sci-fi']",0,0.101919228,164,127,103,74,13,23,21,2,46,39,28,18,9,19,7,8
438,m75,48.30508475,27.11864407,0,ghostbusters,1986,6.9,237,"['animation', 'comedy', 'fantasy', 'sci-fi', 'horror']",?,0.105103283,118,90,72,54,13,16,16,1,41,18,19,22,8,18,9,6
115,m76,49.12280702,34.21052632,0,gladiator,2000,8.4,286067,"['action', 'adventure', 'drama']",0,0.111603189,114,99,86,65,11,45,12,4,49,24,19,29,11,37,14,2
553,m77,15.97938144,76.80412371,0,the graduate,1967,8.2,79677,"['comedy', 'drama', 'romance']",0,0.073073587,194,128,107,66,25,20,20,9,41,40,49,10,18,1,8,5
610,m78,41.7989418,33.86243386,5.291005291,grand hotel,1932,7.7,6088,"['drama', 'romance']",1,0.093093062,189,134,119,71,25,19,31,0,73,54,33,39,11,19,0,3
384,m79,4.651162791,71.31782946,0,the grifters,1990,7,11481,"['crime', 'drama', 'thriller']",?,0.118862281,129,95,81,56,9,23,17,2,48,21,21,42,7,8,13,22
197,m80,0,59.42028986,14.49275362,halloween h20: 20 years later,1998,5.4,22353,"['drama', 'horror', 'thriller']",1,0.018416741,69,57,42,38,7,20,11,5,23,17,19,5,7,9,13,9
293,m81,24.59016393,29.50819672,0,halloween: the curse of michael myers,1995,4.5,8743,"['horror', 'thriller']",?,0.07230601,61,41,30,27,4,18,8,3,13,16,19,0,13,10,8,6
541,m82,52.68817204,45.16129032,0,"happy birthday, wanda june",1971,5.8,144,"['comedy', 'drama']",?,0.07691885,186,161,140,108,25,67,37,16,61,58,54,31,41,56,33,17
500,m83,32.35294118,42.15686275,0,hardcore,1979,6.7,2455,['drama'],?,0.035788777,102,83,68,45,11,30,10,23,43,39,16,45,14,5,26,22
542,m84,14.28571429,64.28571429,0,harold and maude,1971,8.1,28689,"['comedy', 'romance']",1,0.143846443,112,91,86,38,9,17,11,2,41,26,11,9,8,24,5,30
414,m85,0,43.58974359,0,hellbound: hellraiser ii,1988,6.2,11273,"['drama', 'horror', 'thriller']",0,0.0178978,39,32,20,24,6,13,6,2,7,3,5,1,12,1,12,8
31,m86,54.25531915,15.95744681,0,hellboy,2004,6.8,68619,"['action', 'adventure', 'fantasy']",0,0.092873099,94,64,45,34,4,18,8,2,26,10,8,4,10,11,9,16
423,m87,0,76.76056338,3.521126761,hellraiser,1987,7,22922,['horror'],1,0.021342209,142,86,62,48,6,20,13,5,19,10,25,10,14,6,14,16
117,m88,37.57225434,52.60115607,0,high fidelity,2000,7.6,70464,"['comedy', 'drama', 'music', 'romance']",0,0.072874465,173,147,126,104,18,68,33,51,50,55,25,41,25,14,61,32
440,m89,19.48051948,32.46753247,0,highlander,1986,7.2,41243,"['action', 'fantasy']",1,0.071758884,154,117,82,80,19,39,24,2,40,25,13,20,25,36,13,5
598,m90,28.4789644,43.68932039,2.912621359,his girl friday,1940,8.1,20870,"['comedy', 'drama', 'romance']",1,0.088092881,309,200,160,109,23,43,36,4,126,43,26,55,15,29,5,37
424,m91,25.96153846,37.5,21.15384615,hope and glory,1987,7.4,4965,"['drama', 'war']",1,0.018429032,104,69,57,31,3,19,7,0,20,16,16,11,10,13,3,1
55,m92,9.239130435,38.58695652,11.95652174,house of 1000 corpses,2003,5.6,27033,['horror'],1,0.013619487,184,145,104,105,17,73,22,40,27,43,22,24,39,14,62,62
84,m93,12.06896552,68.96551724,9.482758621,human nature,2001,6.3,10017,"['comedy', 'drama']",1,0.152969533,116,102,94,61,15,31,28,13,40,18,7,18,19,5,22,13
563,m94,53.59477124,34.64052288,0,the hustler,1961,8.2,25871,"['drama', 'romance', 'sport']",0,0.10185611,153,114,101,49,5,17,29,3,23,80,13,59,10,9,10,39
10,m95,0,82.75862069,0,i am legend,2007,7.1,156084,"['drama', 'sci-fi', 'thriller']",1,0.107452916,29,14,11,8,1,7,0,1,5,3,3,0,1,6,2,1
579,m96,32.14285714,35.71428571,0,invaders from mars,1953,6.4,2115,"['horror', 'sci-fi']",?,0.005197649,56,32,22,15,4,2,6,1,18,6,11,3,1,1,2,5
270,m97,54.7826087,25.2173913,3.47826087,independence day,1996,6.6,151698,"['action', 'adventure', 'sci-fi', 'thriller']",1,0.102714741,115,78,57,46,9,28,8,5,37,17,9,13,17,6,20,9
399,m98,68.21705426,21.70542636,0,indiana jones and the last crusade,1989,8.3,174947,"['action', 'adventure', 'thriller', 'fantasy']",0,0.080007181,129,72,55,36,8,9,13,3,40,20,9,3,24,16,3,5
463,m99,0,50.72463768,0,indiana jones and the temple of doom,1984,7.5,112054,"['action', 'adventure']",0,0.015606129,138,91,58,57,14,25,15,2,13,17,14,10,31,16,5,4
425,m100,64.66666667,26.33333333,0,innerspace,1987,6.5,16854,"['action', 'adventure', 'comedy', 'crime', 'sci-fi']",?,0.075012828,300,159,104,89,21,35,19,6,65,35,14,26,9,8,17,23
177,m101,43.2748538,13.4502924,2.339181287,the insider,1999,8,69660,"['biography', 'drama', 'thriller']",?,0.073275981,171,128,103,81,25,54,19,27,85,39,23,33,15,6,39,22
40,m102,20.93023256,52.3255814,21.51162791,intolerable cruelty,2003,6.4,36739,"['comedy', 'romance', 'crime']",1,0.108938214,172,118,101,73,10,33,26,17,60,30,24,37,10,10,23,13
604,m103,11.44578313,47.59036145,8.43373494,it happened one night,1934,8.3,25577,"['comedy', 'romance']",1,0.09104359,166,139,123,86,21,33,31,5,60,39,21,46,13,6,6,35
367,m104,58.37837838,25.40540541,0,jfk,1991,8,60406,"['biography', 'drama', 'history', 'mystery', 'thriller']",1,0.053104563,185,159,128,125,26,88,35,28,134,57,33,81,35,66,47,41
240,m105,27.27272727,65.2173913,5.533596838,jackie brown,1997,7.6,85496,"['crime', 'drama', 'thriller']",1,0.075001013,253,180,130,131,32,90,25,42,79,50,28,93,14,22,84,76
380,m106,32.4137931,40.68965517,0,jacob's ladder,1990,7.5,29182,"['drama', 'mystery', 'thriller']",0,0.059991092,145,103,74,77,18,47,21,11,40,30,24,15,38,29,39,33
85,m107,0,0.980392157,0,jason x,2001,4.4,18199,"['horror', 'sci-fi']",1,0.019690348,204,123,68,86,6,59,19,15,36,21,14,5,21,24,55,18
520,m108,71.32352941,16.17647059,0,jaws,1975,8.3,140982,['thriller'],1,0.082841936,136,81,61,46,3,28,7,3,37,42,14,21,4,15,14,18
6,m109,0,46.66666667,46.06060606,juno,2007,7.9,152436,"['comedy', 'drama']",1,0.144420243,165,139,118,78,17,36,17,32,50,53,26,17,35,7,31,26
337,m110,15.51724138,56.03448276,17.24137931,kalifornia,1993,6.7,21830,"['crime', 'drama', 'thriller']",?,0.040615436,116,83,57,53,6,35,12,12,32,17,5,18,12,18,24,28
294,m111,37.09677419,19.35483871,24.19354839,kids,1995,6.8,26546,"['crime', 'drama']",1,0.010208146,124,93,68,74,7,53,19,48,16,26,13,9,16,8,50,44
354,m112,39.69849246,43.2160804,3.015075377,knight moves,1992,5.8,3272,"['mystery', 'thriller']",?,0.027630213,199,143,110,91,12,51,22,8,67,70,29,8,10,40,17,11
470,m113,50.37593985,20.30075188,0,krull,1983,5.9,8246,"['fantasy', 'action', 'adventure', 'sci-fi']",0,0.07765717,133,85,66,60,6,26,15,0,15,13,4,14,10,32,2,16
313,m114,0,63.15789474,3.947368421,l√©on,1994,8.6,204901,"['crime', 'drama', 'thriller']",?,0.103566449,76,53,49,29,9,12,11,2,28,13,11,11,1,9,8,10
199,m115,9.90990991,40.54054054,0,labor of love,1998,4.5,45,['drama'],?,0.087514379,111,77,63,41,10,12,10,1,23,20,13,14,13,10,6,4
295,m116,2.702702703,91.89189189,0,leaving las vegas,1995,7.6,42919,"['drama', 'romance']",?,0.063892806,74,55,47,34,3,15,13,11,17,36,19,26,4,3,9,4
87,m117,2.424242424,39.39393939,43.63636364,legally blonde,2001,6.2,44558,['comedy'],1,0.131065551,165,120,94,79,13,26,19,15,57,34,23,16,12,10,26,12
453,m118,47.51381215,25.41436464,0,legend,1985,6.2,20907,"['fantasy', 'adventure', 'romance']",1,0.105706391,181,156,125,104,28,60,35,10,41,29,9,20,37,41,19,4
88,m119,34.59915612,50.21097046,4.641350211,life as a house,2001,7.5,19468,"['drama', 'romance']",?,0.020510979,237,151,109,89,14,45,18,13,48,31,65,27,8,19,20,13
41,m120,49.72375691,6.077348066,0,the life of david gale,2003,7.3,38237,"['drama', 'crime', 'thriller']",?,0.075029891,181,140,109,89,10,52,22,12,54,42,26,49,21,24,42,55
118,m121,44.29530201,22.81879195,3.355704698,little nicky,2000,5,35489,"['fantasy', 'comedy', 'romance', 'animation', 'horror']",0,0.103658327,149,118,94,68,7,34,16,7,18,19,21,9,35,14,32,26
515,m122,37.5,48.21428571,1.785714286,logan's run,1976,6.7,15152,"['action', 'sci-fi']",0,0.09624275,112,69,54,39,7,22,8,3,19,19,1,5,3,19,5,2
243,m123,28.16901408,47.18309859,0,lost highway,1997,7.6,42998,"['drama', 'horror', 'mystery', 'thriller']",0,0.097050458,142,82,54,42,7,25,8,16,30,13,25,4,4,11,20,25
602,m124,78.84615385,12.82051282,0,lost horizon,1937,7.8,5509,"['adventure', 'drama', 'fantasy', 'mystery']",0,0.07247403,156,120,103,75,23,32,33,1,46,30,14,17,9,19,2,10
244,m125,62.01550388,15.50387597,0,men in black,1997,7,121719,"['action', 'adventure', 'comedy', 'sci-fi']",0,0.050517117,129,88,57,63,14,32,18,2,42,18,12,10,20,14,22,27
61,m126,54.82233503,27.91878173,0,minority report,2002,7.7,137009,"['action', 'crime', 'mystery', 'sci-fi', 'thriller', 'animation', 'drama']",0,0.048973751,197,125,80,92,18,52,22,9,50,36,23,19,21,47,18,19
89,m127,61.36363636,16.47727273,1.704545455,made,2001,6.4,9774,"['comedy', 'crime', 'drama', 'thriller']",?,0.038249951,176,137,104,97,13,79,21,50,38,57,31,36,17,6,80,56
355,m128,53.42465753,27.39726027,0,malcolm x,1992,7.7,23317,"['biography', 'drama', 'history']",1,0.045139831,146,103,75,61,11,37,12,6,47,25,22,17,43,11,26,20
33,m129,30.12820513,51.28205128,5.128205128,man on fire,2004,7.7,76517,"['action', 'crime', 'drama', 'thriller']",?,0.031468459,156,104,78,65,8,33,17,9,66,31,21,29,5,22,17,8
573,m130,24.16666667,47.5,17.5,marty,1955,7.7,6379,"['drama', 'romance']",1,0.103953004,120,96,75,56,13,13,26,9,37,31,46,24,8,7,0,44
546,m131,59.31372549,0,0,mash,1970,7.8,29358,"['comedy', 'war', 'drama']",?,0.112721307,204,144,119,85,20,38,19,10,78,52,29,20,30,6,39,13
595,m132,26.02739726,36.30136986,2.054794521,meet john doe,1941,7.7,4841,"['comedy', 'drama', 'romance']",1,0.103927134,146,108,92,53,14,16,24,2,59,53,21,44,8,9,3,47
245,m133,50.33557047,20.13422819,0,metro,1997,5.3,9601,"['action', 'comedy', 'crime', 'drama', 'thriller']",?,0.030425683,149,110,74,74,11,45,21,19,43,23,12,24,9,16,33,21
615,m134,11.95652174,34.7826087,0,metropolis,1927,8.4,40730,"['adventure', 'drama', 'sci-fi']",0,0.017966843,92,45,30,25,1,11,7,3,32,12,1,9,9,8,8,1
314,m135,0,0,0,mighty morphin power rangers,1994,8.2,35,"['action', 'family']",?,0.051274025,90,36,18,25,6,8,6,1,11,5,1,4,8,4,4,4
369,m136,31.00775194,0,0,mobsters,1991,5.5,3574,"['crime', 'drama']",?,0.032088276,129,103,67,79,14,60,16,26,53,18,11,34,15,28,41,56
90,m137,40,13.68421053,12.63157895,monkeybone,2001,4.5,8258,"['animation', 'comedy', 'fantasy', 'romance']",1,0.059919324,95,82,68,51,14,21,15,1,26,32,7,15,24,21,14,67
202,m138,0,0,68,my mother dreams the satan's disciples in new york,1998,6.7,70,['short'],?,0.149960732,25,19,15,13,3,2,6,1,8,6,2,4,4,0,0,3
599,m139,34.02061856,38.65979381,0,mr. smith goes to washington,1939,8.4,33984,['drama'],0,0.167922476,194,153,144,70,23,31,34,2,94,43,37,49,18,15,5,29
603,m140,46.15384615,29.86425339,3.619909502,mr. deeds goes to town,1936,8,7594,"['comedy', 'romance']",1,0.11726334,221,150,137,64,17,15,22,0,70,46,28,44,5,8,3,28
164,m141,39.89361702,39.36170213,0,mumford,1999,6.8,6333,"['comedy', 'drama']",?,0.074159277,188,157,128,104,24,38,26,14,67,35,20,24,16,7,29,22
181,m142,32.16783217,48.25174825,0,the mummy,1999,6.9,96736,"['action', 'adventure', 'fantasy']",0,0.046450382,143,97,63,68,7,39,13,1,26,21,5,16,22,34,16,25
165,m143,38.41059603,10.59602649,0,mystery men,1999,5.9,31817,"['action', 'comedy', 'fantasy']",0,0.062468266,151,87,64,53,7,33,16,1,26,22,9,7,2,15,9,12
297,m144,20.6185567,21.64948454,0,napoleon,1995,5.5,486,"['family', 'adventure']",?,0.090748207,97,77,70,49,21,29,17,7,50,20,21,20,11,12,5,2
123,m145,69.27710843,6.024096386,0,next friday,2000,5.4,10267,['comedy'],0,0.045280584,166,107,67,73,9,54,13,11,31,22,23,26,7,5,59,54
298,m146,35.83333333,19.16666667,0,nick of time,1995,6.2,15945,"['crime', 'drama', 'thriller']",1,0.060303497,120,87,62,54,5,26,17,8,21,11,5,11,5,19,16,14
575,m147,3.007518797,24.06015038,0,the night of the hunter,1955,8.2,26211,"['drama', 'film-noir', 'thriller']",1,-0.002948937,133,74,56,43,6,11,11,0,14,23,13,28,29,11,1,16
458,m148,0,35.86956522,32.60869565,a nightmare on elm street,1984,7.4,47161,['horror'],1,0.026069292,92,72,47,43,8,26,3,6,15,23,18,5,11,17,14,9
600,m149,31.79916318,51.88284519,7.112970711,ninotchka,1939,7.9,6951,"['comedy', 'romance']",1,0.119241783,239,192,175,102,34,37,29,3,79,51,43,60,14,11,1,7
299,m150,68.28358209,14.55223881,0,nixon,1995,7.1,13878,"['biography', 'drama']",?,0.079630995,268,219,167,169,31,118,56,70,136,68,34,72,67,45,114,41
7,m151,48.4375,23.4375,0,no country for old men,2007,8.3,202649,"['crime', 'drama', 'mystery', 'thriller', 'western']",1,0.057090693,128,79,60,38,5,20,8,3,24,19,20,28,8,13,11,22
124,m152,41.70403587,30.04484305,22.86995516,nurse betty,2000,6.4,20473,"['comedy', 'crime', 'romance', 'thriller']",?,0.076847997,223,189,147,135,21,98,28,37,76,55,20,48,35,36,71,69
125,m153,60.37735849,7.547169811,0,"o brother, where art thou?",2000,7.8,95628,"['comedy', 'adventure', 'crime', 'music']",0,0.076262969,106,74,62,47,3,26,11,4,26,11,6,27,23,1,26,37
476,m154,41.60583942,39.41605839,8.02919708,an officer and a gentleman,1982,6.8,16883,"['drama', 'romance']",1,0.110496938,137,105,81,65,8,41,16,29,43,18,10,18,14,10,36,27
62,m155,50.47619048,12.38095238,31.42857143,panic room,2002,6.9,69824,['thriller'],1,-0.00349742,105,69,48,50,8,35,8,22,23,12,36,14,10,7,33,27
300,m156,52.72727273,17.27272727,0,panther,1995,5.9,1129,['drama'],?,0.033480596,110,91,69,64,7,53,10,14,42,20,4,15,17,13,46,37
137,m157,44.44444444,12.03703704,0,the patriot,2000,6.9,79207,"['action', 'drama', 'war']",1,0.04658302,108,76,55,49,6,34,14,4,30,10,12,16,13,28,6,0
401,m158,40.17857143,49.10714286,7.142857143,pet sematary,1989,6.3,19851,"['drama', 'fantasy', 'horror', 'mystery', 'thriller']",?,0.107203321,112,86,73,44,8,15,14,0,17,9,17,6,26,32,10,11
42,m159,34.17721519,25.94936709,0,pirates of the caribbean,2003,7.2,329,"['adventure', 'fantasy', 'horror']",1,0.088345694,158,121,92,76,15,31,21,1,44,20,8,23,8,17,6,4
168,m160,6.493506494,65.58441558,7.792207792,plastic man,1999,6.7,29,['drama'],?,0.087310467,154,103,83,60,10,28,15,0,45,11,7,10,15,9,10,17
613,m161,20.2247191,47.75280899,1.685393258,platinum blonde,1931,6.9,1119,"['comedy', 'romance']",?,0.155174508,178,153,135,70,15,19,34,3,60,30,27,24,10,3,3,29
204,m162,24.87309645,44.16243655,4.060913706,pleasantville,1998,7.5,49669,"['comedy', 'drama', 'fantasy']",1,0.138399804,197,136,126,46,7,13,16,10,42,39,21,16,13,1,13,24
63,m163,22.60869565,45.2173913,6.956521739,punch-drunk love,2002,7.4,50312,"['comedy', 'drama', 'romance']",0,0.114440728,115,98,90,56,14,14,30,14,49,21,22,37,7,4,15,24
128,m164,43.93939394,37.12121212,2.272727273,quills,2000,7.3,22657,"['biography', 'drama', 'history', 'romance']",?,0.090567892,132,107,87,70,17,32,20,18,69,23,11,29,34,12,13,7
169,m165,52.13675214,23.93162393,5.128205128,rko 281,1999,7.1,3543,"['biography', 'drama']",?,0.062439882,117,98,77,70,8,48,16,12,30,43,10,25,33,15,27,33
493,m166,30.85106383,41.4893617,0,raging bull,1980,8.4,91851,"['biography', 'drama', 'sport']",0,0.038439526,94,73,54,57,12,41,13,23,17,26,11,10,6,11,25,42
577,m167,16.66666667,75,0,rear window,1954,8.7,121165,"['crime', 'mystery', 'romance', 'thriller']",1,0.04171676,144,99,77,63,18,25,17,1,47,31,50,24,4,14,4,10
574,m168,47.20496894,38.50931677,0,rebel without a cause,1955,7.9,27791,"['drama', 'romance']",0,0.048348976,161,103,83,54,13,20,16,1,24,18,22,16,5,15,2,5
129,m169,44.57142857,38.85714286,0,reindeer games,2000,5.5,16951,"['action', 'crime', 'drama', 'thriller']",?,0.075819476,175,124,89,79,11,61,11,29,53,50,28,45,38,13,56,57
357,m170,75.45454545,0,0,reservoir dogs,1992,8.4,217185,"['crime', 'mystery', 'thriller']",0,-0.014661753,110,91,67,83,20,70,15,55,39,27,17,30,17,33,70,52
585,m171,26.19047619,49.4047619,10.71428571,roughshod,1949,6.9,115,"['action', 'drama', 'romance', 'western']",?,0.101394139,168,114,88,59,11,17,20,1,31,24,14,13,0,9,2,13
95,m172,20.94594595,47.2972973,5.405405405,scary movie 2,2001,4.7,44511,['comedy'],1,0.125670597,148,113,92,50,8,23,14,12,32,19,25,10,19,20,21,28
319,m173,5.357142857,33.03571429,11.60714286,serial mom,1994,6.4,11077,"['comedy', 'thriller']",1,-0.00904199,112,92,64,61,8,38,14,8,28,23,15,19,4,20,19,14
593,m174,16.66666667,38.4057971,10.14492754,the seventh victim,1943,6.9,1596,"['drama', 'horror', 'thriller']",1,0.077598182,138,111,94,63,21,9,30,2,53,37,17,25,9,15,0,3
403,m175,7.586206897,75.86206897,11.03448276,"sex, lies, and videotape",1989,7.1,18505,['drama'],0,0.050158184,145,108,87,74,26,51,16,31,38,22,28,17,24,5,39,3
525,m176,26.82926829,12.19512195,0,shivers,1975,6.5,4940,"['horror', 'sci-fi']",0,0.129353976,41,32,31,20,4,10,4,6,17,15,12,3,3,4,4,16
490,m177,11.76470588,44.11764706,0,shock treatment,1981,5.4,1884,"['comedy', 'musical']",1,0.092553172,102,70,60,28,4,8,10,6,29,13,8,12,7,3,5,2
34,m178,56.37254902,39.21568627,0,sideways,2004,7.8,70349,"['comedy', 'drama', 'romance']",1,0.118777583,204,154,137,87,11,59,18,40,71,89,20,26,20,7,52,32
64,m179,61.61616162,19.19191919,0,signs,2002,6.9,113119,"['drama', 'mystery', 'sci-fi', 'thriller']",0,0.035690837,99,57,38,32,6,8,15,0,11,18,14,5,2,4,3,1
456,m180,30.95238095,21.42857143,0,silverado,1985,7,14355,"['action', 'western']",?,0.091160917,126,83,66,48,11,23,12,0,27,12,9,26,2,16,3,15
0,m181,13.43283582,47.01492537,3.731343284,simone,2010,8.3,9,"['short', 'drama', 'horror', 'thriller']",?,0.140066015,134,104,92,63,10,22,22,2,60,49,15,27,23,15,9,2
182,m182,54.94505495,27.47252747,0,the sixth sense,1999,8.2,244162,"['drama', 'mystery', 'thriller']",1,0.023091313,91,62,36,38,8,7,16,1,20,11,6,7,4,10,6,2
65,m183,35.45454545,40,8.181818182,slash,2002,4.2,899,"['comedy', 'horror', 'thriller']",?,-0.000794121,110,65,38,49,1,29,11,12,13,21,10,8,14,20,28,14
11,m184,23.28767123,34.24657534,30.1369863,slither,2006,6.6,26497,"['comedy', 'horror', 'sci-fi']",1,0.067090758,73,55,38,41,3,25,9,9,12,11,5,17,12,4,23,18
512,m185,33.87096774,41.93548387,0,smokey and the bandit,1977,6.6,14147,"['action', 'comedy', 'crime', 'romance']",?,0.051801373,124,74,58,42,5,20,7,2,31,18,9,15,13,3,18,27
12,m186,49.51456311,2.912621359,13.59223301,smokin' aces,2006,6.6,58048,"['action', 'crime', 'drama', 'thriller']",1,0.029344901,103,82,64,58,7,42,16,19,38,13,4,17,10,23,35,35
66,m187,23.40425532,54.25531915,0,solaris,2002,6.2,33541,"['drama', 'mystery', 'romance', 'sci-fi']",0,0.001107071,94,68,50,50,7,27,10,9,19,15,8,6,14,13,9,2
429,m188,8.59375,70.3125,0,someone to watch over me,1987,6.1,3909,"['action', 'crime', 'drama', 'romance', 'thriller']",?,0.112067499,128,86,67,53,4,28,17,12,33,28,20,8,4,10,27,20
67,m189,18.33333333,40,5.833333333,spider-man,2002,7.4,169898,"['action', 'adventure', 'fantasy', 'sci-fi', 'thriller']",0,0.077410448,120,95,76,61,6,31,20,3,39,22,6,19,12,11,9,26
580,m190,60.55555556,2.222222222,0,stalag 17,1953,8.2,21182,"['drama', 'war']",0,0.085713297,180,112,85,70,14,33,11,2,41,26,18,24,7,24,4,9
321,m191,35.59322034,8.474576271,0,star trek: generations,1994,6.5,26662,"['action', 'mystery', 'sci-fi', 'thriller']",1,0.032520595,118,82,52,50,15,20,12,0,42,9,6,5,2,8,0,4
464,m192,40.31007752,23.25581395,0,star trek iii: the search for spock,1984,6.5,22466,"['action', 'adventure', 'sci-fi', 'thriller']",0,0.115915314,129,87,68,51,5,20,14,1,50,15,8,12,18,15,6,17
483,m193,36.32075472,19.81132075,0,star trek: the wrath of khan,1982,7.8,36503,"['action', 'adventure', 'sci-fi', 'thriller']",1,0.06411909,212,146,117,69,5,31,15,1,84,22,12,9,11,21,12,28
445,m194,40.90909091,23.29545455,0,star trek iv: the voyage home,1986,7.3,26423,"['adventure', 'comedy', 'sci-fi']",1,0.079277677,176,130,110,68,12,32,20,18,67,31,13,15,15,11,22,16
212,m195,38.5620915,30.06535948,0,star trek: insurrection,1998,6.3,26728,"['action', 'adventure', 'sci-fi', 'thriller']",1,0.058989401,153,100,77,63,18,29,16,1,51,11,9,9,9,4,6,2
277,m196,44.52054795,28.08219178,0,star trek: first contact,1996,7.6,45429,"['action', 'adventure', 'sci-fi', 'thriller']",1,0.028375541,146,92,62,59,8,26,11,1,38,9,9,5,7,7,8,5
373,m197,43.95604396,0,0,star trek vi: the undiscovered country,1991,7.2,23751,"['action', 'mystery', 'sci-fi', 'thriller']",0,0.066864935,182,111,71,69,19,32,10,2,66,11,6,17,8,29,5,3
68,m198,51.07526882,16.66666667,0,star trek: nemesis,2002,6.4,28682,"['action', 'sci-fi', 'thriller']",0,0.063736194,186,120,90,69,14,30,28,2,66,21,11,18,6,14,4,5
465,m199,20.93023256,59.88372093,0,starman,1984,6.9,14204,"['adventure', 'drama', 'romance', 'sci-fi']",0,0.059358515,172,101,84,55,12,27,17,3,35,30,17,18,9,17,18,13
302,m200,27.15231788,62.91390728,0,strange days,1995,7.1,27744,"['action', 'crime', 'drama', 'fantasy', 'music', 'mystery', 'sci-fi', 'thriller']",1,0.072052241,151,128,101,93,17,61,29,37,40,36,10,31,36,33,47,26
35,m201,19.84732824,32.82442748,0,suspect zero,2004,5.8,9914,"['crime', 'horror', 'sci-fi', 'thriller']",?,0.023699398,131,105,69,88,14,49,35,22,74,32,23,17,8,40,22,11
279,m202,71.18644068,9.604519774,0,swingers,1996,7.6,32427,"['comedy', 'drama']",0,0.015155951,177,141,110,94,21,50,31,24,45,58,16,46,10,10,50,37
538,m203,40.81632653,31.29251701,0,the godfather,1972,9.2,419312,"['crime', 'drama', 'thriller']",0,0.154912285,147,120,100,68,13,38,13,5,56,55,44,39,20,26,16,11
183,m204,43.90243902,43.29268293,0.609756098,the talented mr. ripley,1999,7.2,64055,"['crime', 'drama', 'thriller']",1,0.083309419,164,130,108,84,18,50,31,9,44,54,23,25,19,22,12,14
517,m205,26.08695652,50,0,taxi driver,1976,8.6,159525,"['drama', 'thriller']",0,0.10418756,92,70,60,42,3,27,10,12,26,31,10,19,8,8,19,26
282,m206,56.66666667,16.66666667,0,the rock,1996,7.3,109533,"['action', 'adventure', 'thriller']",0,-0.011306878,30,17,9,13,0,7,1,5,10,1,0,3,4,1,6,5
101,m207,40.4109589,25.34246575,0,the majestic,2001,6.8,25057,"['drama', 'romance']",0,0.100312532,146,109,88,65,8,27,31,1,56,34,17,29,17,15,10,24
560,m208,4.651162791,40.69767442,30.23255814,the birds,1963,7.9,53233,"['horror', 'romance', 'thriller']",1,0.072099354,172,125,93,72,17,25,32,2,46,34,27,19,6,12,5,12
588,m209,64.94845361,20.6185567,0,the body snatcher,1945,7.4,2927,"['drama', 'horror', 'thriller']",?,0.115904844,97,74,55,49,12,23,21,0,50,18,10,18,9,22,3,4
135,m210,18.91891892,27.02702703,14.86486486,the crow: salvation,2000,4.7,4566,"['action', 'crime', 'fantasy', 'mystery', 'thriller']",?,-0.045868324,74,54,31,43,5,35,6,10,12,9,3,3,3,20,14,1
5,m211,20.21276596,36.17021277,0,the day the earth stood still,2008,5.5,52489,"['drama', 'sci-fi', 'thriller']",1,0.118175599,94,80,68,44,22,14,11,0,45,13,14,18,3,6,0,7
432,m212,52.5974026,40.90909091,0,the lost boys,1987,7,34826,"['comedy', 'fantasy', 'horror', 'thriller']",0,0.109322392,154,101,77,49,7,26,12,2,24,23,19,9,7,12,9,34
485,m213,46.61654135,0,0,the thing,1982,8.2,80904,"['horror', 'mystery', 'sci-fi', 'thriller']",0,0.023232975,133,75,42,55,5,37,5,6,14,7,8,4,11,11,40,6
72,m214,42.76315789,34.86842105,0,the time machine,2002,5.7,32900,"['sci-fi', 'adventure', 'action']",?,0.087906213,152,100,79,45,11,10,15,0,47,34,16,7,12,9,2,4
24,m215,23.80952381,62.58503401,1.360544218,the jacket,2005,7.1,36581,"['drama', 'fantasy', 'mystery', 'sci-fi', 'thriller']",0,0.051435013,147,108,67,73,10,36,20,7,31,18,13,7,6,36,18,12
377,m216,5.586592179,25.69832402,55.86592179,thelma & louise,1991,7.3,44372,"['crime', 'drama', 'thriller']",1,0.065297181,179,153,108,109,15,59,26,12,32,38,20,20,26,15,56,48
221,m217,36.44067797,40.6779661,9.322033898,there's something about mary,1998,7.2,97546,"['comedy', 'romance']",1,0.107821922,236,182,152,106,8,77,24,32,64,54,22,39,31,12,70,54
138,m218,27.18446602,3.883495146,0,thirteen days,2000,7.3,23732,"['drama', 'history', 'thriller']",0,0.05635593,103,78,55,54,10,30,4,6,51,11,15,10,13,11,20,15
361,m219,75.53956835,5.755395683,0,thunderheart,1992,6.6,6662,"['crime', 'mystery', 'thriller', 'western']",?,0.020900544,139,97,57,76,7,63,11,16,46,22,16,14,20,29,46,49
446,m220,36.41618497,28.32369942,0,top gun,1986,6.5,81087,"['action', 'drama', 'romance']",0,0.159169242,173,132,103,87,13,51,25,5,42,34,8,21,13,15,34,23
386,m221,30.76923077,36.36363636,0,total recall,1990,7.4,71383,"['action', 'adventure', 'sci-fi', 'thriller']",0,0.031311234,143,111,66,74,8,55,8,11,28,18,5,17,8,22,39,20
387,m222,64.53900709,29.78723404,0,tremors,1990,7.1,30553,"['action', 'comedy', 'horror', 'thriller']",1,0.045677104,141,105,68,73,7,55,8,6,25,18,7,19,37,17,58,42
407,m223,63.04347826,14.49275362,0,true believer,1989,6.7,1801,"['drama', 'crime']",?,0.009742726,138,97,63,71,17,43,7,10,57,19,8,19,9,35,25,10
362,m224,36.24161074,33.55704698,19.46308725,twin peaks: fire walk with me,1992,7,21274,"['drama', 'horror', 'mystery', 'thriller']",1,0.092265485,149,107,75,65,11,32,18,5,53,18,15,25,11,20,13,11
486,m225,60.90225564,24.81203008,0,the verdict,1982,7.7,10991,['drama'],0,0.092391694,133,95,75,63,10,20,22,11,66,25,21,29,11,9,18,20
581,m226,0,41.93548387,0,the war of the worlds,1953,7.1,12239,"['action', 'horror', 'sci-fi', 'thriller']",0,0.189106147,62,41,34,16,5,2,5,0,15,14,5,5,3,4,0,7
317,m227,0,69.23076923,7.692307692,new nightmare,1994,6.3,14975,"['fantasy', 'horror', 'mystery', 'thriller']",1,0.063680326,91,62,50,37,12,12,8,1,22,27,18,3,10,12,5,10
285,m228,45.71428571,5.714285714,0,white squall,1996,6.4,8465,"['adventure', 'drama']",?,0.059861493,175,118,79,66,3,39,20,8,40,21,8,11,18,11,28,27
388,m229,14.91712707,65.19337017,2.762430939,wild at heart,1990,7.2,29388,"['crime', 'romance', 'thriller']",0,0.069029018,181,150,117,112,25,65,26,22,50,43,36,37,28,33,49,76
143,m230,59.9137931,25,0,wonder boys,2000,7.5,31853,"['drama', 'comedy']",?,0.089578468,232,147,116,86,14,41,31,16,86,46,38,14,36,11,31,18
39,m231,45.63758389,50.33557047,0,the woodsman,2004,7.4,16090,['drama'],?,0.028056158,149,107,78,67,8,42,17,24,24,24,21,10,5,6,30,5
405,m232,0,37.5,0,the abyss,1989,7.6,51699,"['action', 'adventure', 'drama', 'sci-fi', 'thriller']",1,0.083274275,128,86,62,53,17,27,9,4,21,11,5,9,13,7,25,22
564,m233,5.109489051,61.31386861,17.51824818,l'avventura,1960,7.9,6963,"['drama', 'mystery']",?,0.113268682,137,100,82,53,15,16,24,3,30,24,13,18,7,8,3,2
448,m234,0,4.04040404,82.82828283,agnes of god,1985,6.5,3490,"['drama', 'mystery', 'thriller']",1,0.001813704,99,74,58,61,18,37,21,11,34,9,19,9,48,22,7,6
557,m235,70.55214724,6.134969325,0,a hard day's night,1964,7.6,15431,"['comedy', 'music']",0,0.0470079,163,109,86,63,19,22,27,2,37,31,16,21,6,8,4,27
497,m236,10.68376068,0,0,alien,1979,8.5,184471,"['adventure', 'horror', 'sci-fi', 'thriller']",1,0.063401964,234,133,98,77,14,42,19,2,32,22,21,11,25,27,23,26
327,m237,0,24.52830189,10.37735849,alien vs. predator,1993,7.8,116,"['action', 'adventure', 'sci-fi']",?,0.084923512,106,56,43,36,6,16,9,3,23,18,8,14,3,3,9,19
582,m238,1.498127341,59.92509363,34.83146067,all about eve,1950,8.5,35597,['drama'],1,0.104312965,267,213,194,124,33,47,67,6,107,114,41,62,13,21,4,8
514,m239,52.7607362,17.79141104,0,all the president's men,1976,8,32717,"['drama', 'history', 'thriller']",0,0.087380401,163,122,88,81,19,41,22,14,105,28,33,43,19,3,35,15
147,m240,37.93103448,36.45320197,1.477832512,american pie,1999,6.9,107961,"['comedy', 'romance']",0,0.136937261,203,154,120,77,5,55,12,30,49,54,17,12,26,5,50,54
226,m241,31.38686131,53.28467153,0,an american werewolf in paris,1997,4.9,10158,"['horror', 'romance', 'thriller', 'comedy']",0,-0.035199097,137,116,73,92,10,63,14,26,33,18,7,12,30,22,54,25
227,m242,17.0212766,52.12765957,14.89361702,anastasia,1997,6.6,16844,"['animation', 'adventure', 'drama', 'family', 'musical']",1,0.057486257,94,60,48,33,10,13,14,0,14,17,11,13,8,11,0,11
510,m243,13.7755102,65.81632653,0,annie hall,1977,8.3,66781,"['comedy', 'drama', 'romance']",1,0.129472755,196,160,142,95,27,40,27,22,55,79,44,22,46,18,15,72
99,m244,9.580838323,71.25748503,19.16167665,the anniversary party,2001,6.2,5809,"['drama', 'comedy']",?,0.13134355,167,141,118,91,22,55,30,34,57,52,29,21,26,9,46,15
187,m245,9.574468085,35.10638298,4.255319149,antz,1998,6.8,37825,"['animation', 'adventure', 'comedy', 'family']",1,0.098506968,94,72,56,47,16,24,12,1,42,27,6,6,3,17,6,40
566,m246,33.51351351,50.81081081,0,the apartment,1960,8.4,37301,"['romance', 'comedy', 'drama']",1,0.094886484,185,152,134,98,29,23,53,5,92,70,58,38,16,7,7,10
498,m247,70.98765432,4.938271605,0,apocalypse now,1979,8.6,176465,"['drama', 'war']",0,0.012838025,162,108,61,82,4,67,16,11,32,27,9,14,24,35,39,34
329,m248,31.78807947,15.89403974,0,arctic blue,1993,4.8,464,"['action', 'thriller']",0,0.039375613,151,110,70,88,9,57,22,14,31,21,12,26,23,25,41,9
228,m249,35.58282209,50.30674847,3.067484663,as good as it gets,1997,7.8,93201,"['comedy', 'drama', 'romance']",1,0.094121581,163,133,109,81,19,40,24,17,45,32,32,22,10,13,25,18
286,m250,24.21875,46.875,0,assassins,1995,6,23681,"['action', 'thriller', 'crime']",0,0.041185654,128,91,71,55,9,35,17,21,42,37,13,32,14,10,27,5
17,m251,15.30612245,20.40816327,0,asylum,2005,6.1,2395,"['drama', 'romance', 'thriller']",?,0.087831702,196,152,126,85,9,42,24,7,65,43,29,38,15,3,34,22
56,m252,15.16853933,69.66292135,0,a walk to remember,2002,7.1,38751,"['drama', 'romance']",1,0.078919591,178,97,73,45,8,15,16,5,40,24,13,7,15,6,11,10
449,m253,61.0619469,22.12389381,0,back to the future,1985,8.4,207376,"['adventure', 'family', 'sci-fi']",0,0.062587519,113,75,59,34,8,16,5,3,45,25,14,9,11,3,13,21
532,m254,11.82795699,53.76344086,0,badlands,1973,7.9,16753,"['crime', 'drama', 'romance', 'thriller']",0,0.091238308,93,60,48,22,5,7,5,0,22,12,4,5,1,3,3,6
467,m255,8.988764045,22.47191011,0,the adventures of buckaroo banzai acrossthe 8th dimension,1984,6,10046,"['adventure', 'romance', 'comedy', 'sci-fi']",1,0.075531626,89,59,41,42,8,29,9,0,37,14,5,19,9,15,15,17
365,m256,60.52631579,10.52631579,0,barton fink,1991,7.8,33119,"['drama', 'mystery', 'thriller']",0,0.076300229,152,114,98,70,12,50,24,7,69,31,26,35,36,12,47,42
347,m257,14.36170213,59.04255319,0,basic instinct,1992,6.9,57615,"['mystery', 'romance', 'thriller']",0,0.026910083,188,120,81,81,12,56,13,26,62,41,15,18,9,33,35,10
262,m258,42.14876033,19.00826446,0,basquiat,1996,6.7,8016,"['biography', 'drama']",0,0.090286469,121,86,68,47,5,30,10,16,33,32,15,20,5,7,22,20
348,m259,37.34939759,31.3253012,0,batman returns,1992,6.9,79770,"['action', 'crime', 'fantasy', 'thriller', 'animation']",0,-0.019518572,83,68,47,48,8,19,17,2,27,21,12,12,10,11,6,28
584,m260,41.50943396,29.24528302,0,batman and robin,1949,6.5,443,"['action', 'adventure', 'crime', 'drama', 'sci-fi']",?,0.054610025,106,87,68,58,11,29,21,10,35,17,12,19,4,22,11,4
287,m261,37.6344086,34.40860215,0,batman forever,1995,5.4,77223,"['action', 'crime', 'fantasy', 'thriller']",0,0.088274486,93,75,62,53,12,28,22,9,36,22,14,15,9,22,14,12
390,m262,14.28571429,59.04761905,0,batman,1989,7.6,112731,"['crime', 'drama', 'thriller', 'action', 'adventure']",0,0.060960635,105,82,64,48,10,23,17,2,25,22,5,17,13,16,12,16
230,m263,31.81818182,43.18181818,0,bean,1997,5.8,27131,"['comedy', 'family']",?,0.163789241,88,68,58,37,2,12,8,0,39,22,15,14,8,5,9,14
263,m264,71.96261682,10.28037383,0,beavis and butt-head do america,1996,6.6,23149,"['animation', 'adventure', 'comedy', 'crime']",0,0.065770199,107,74,58,38,3,19,4,8,20,18,9,15,6,7,42,70
410,m265,5.555555556,73.33333333,9.444444444,beetle juice,1988,7.3,62164,"['comedy', 'fantasy']",1,0.018405147,180,126,86,85,21,36,22,6,51,43,47,28,29,47,18,78
499,m266,37.22222222,44.44444444,3.888888889,being there,1979,8,25085,"['drama', 'comedy']",0,0.180927249,180,159,147,73,19,17,34,1,77,41,40,35,16,19,11,12
148,m267,15.32846715,62.77372263,7.299270073,being john malkovich,1999,7.9,115008,"['comedy', 'drama', 'fantasy', 'romance']",1,0.11766957,137,113,102,68,18,37,26,17,52,40,23,25,34,4,27,14
188,m268,9.259259259,27.77777778,9.259259259,beloved,1998,5.6,4014,"['drama', 'mystery']",1,0.106484839,54,37,32,24,3,9,13,3,19,9,16,10,9,8,6,8
215,m269,68,9.5,0,the big lebowski,1998,8.2,182170,"['comedy', 'crime', 'mystery']",0,-0.111281538,200,163,118,127,8,106,29,88,54,36,33,66,19,19,99,65
57,m271,23.37662338,33.76623377,0,blade ii,2002,6.6,51826,"['action', 'fantasy', 'horror', 'thriller', 'adventure']",0,0.002958635,77,55,37,42,5,24,8,9,13,7,2,6,8,12,16,4
189,m272,11,64,0,blade,1998,7,65885,"['action', 'adventure', 'fantasy', 'horror', 'thriller']",0,0.058452858,100,65,42,42,5,18,8,1,21,14,7,11,7,19,4,2
106,m273,15.57788945,51.75879397,5.527638191,book of shadows: blair witch 2,2000,4.1,16285,"['crime', 'horror', 'mystery', 'thriller']",?,0.001206752,199,125,60,100,8,68,16,26,25,37,16,17,25,22,59,68
461,m274,36.26373626,51.64835165,0,blood simple.,1984,7.8,28901,"['crime', 'drama', 'thriller']",0,0.049820157,91,63,49,33,6,17,5,5,18,14,11,16,6,6,15,20
231,m275,4.938271605,31.48148148,0,bloodmoon,1997,4.5,269,"['action', 'thriller']",?,0.121144415,162,125,107,77,13,37,19,14,25,24,43,16,12,16,21,29
78,m276,55.23255814,27.90697674,0,blow,2001,7.4,71334,"['biography', 'crime', 'drama']",0,0.128550699,172,142,119,87,9,63,18,41,66,29,20,60,15,9,54,25
554,m277,16.21621622,0,0,la battaglia di algeri,1966,8.2,14339,"['drama', 'history', 'war']",0,0.165944349,37,28,27,15,5,4,8,1,22,3,3,9,1,7,1,1
330,m278,9.473684211,45.26315789,0,body of evidence,1993,4.1,6052,"['drama', 'romance', 'thriller']",1,0.050108117,190,147,95,109,15,45,57,32,94,36,29,26,4,38,10,4
303,m279,3.278688525,82.78688525,10.6557377,the bridges of madison county,1995,7.2,22252,"['drama', 'romance']",1,0.104926093,122,95,79,58,14,25,24,9,32,25,20,15,22,16,14,13
79,m280,46.28099174,19.00826446,0,bones,2001,4,3525,"['crime', 'horror']",?,0.031245286,121,96,68,72,10,45,16,14,27,22,22,25,18,22,41,36
265,m281,12.35294118,30.58823529,38.23529412,bound,1996,7.5,23772,"['crime', 'drama', 'thriller']",1,0.007464003,170,119,70,87,17,59,17,33,33,29,28,39,17,13,49,9
69,m282,10.98901099,46.15384615,0,the bourne identity,2002,7.7,124918,"['action', 'adventure', 'mystery', 'thriller']",0,0.043763847,91,54,41,38,5,17,11,10,29,13,12,23,10,11,10,21
450,m283,43.35664336,18.88111888,0,brazil,1985,8,77350,"['drama', 'fantasy', 'sci-fi']",1,0.057619927,143,117,92,65,15,26,27,4,55,27,13,24,27,14,20,12
150,m284,52.17391304,21.73913043,0,bringing out the dead,1999,6.8,31285,"['drama', 'thriller']",?,0.040587599,115,96,71,75,16,35,19,9,30,34,18,12,17,27,20,19
422,m285,28.57142857,54.08163265,1.020408163,broadcast news,1987,7.1,10559,"['comedy', 'drama', 'romance']",1,0.125145259,196,165,150,91,32,34,31,10,86,35,23,25,15,7,16,17
567,m286,35.8974359,44.87179487,0,a bucket of blood,1959,6.8,1892,"['comedy', 'horror']",0,0.134173753,156,109,94,45,8,16,13,5,32,15,12,16,3,19,10,23
349,m287,7.936507937,42.32804233,34.39153439,buffy the vampire slayer,1992,5.3,16206,"['horror', 'comedy', 'action']",1,0.039037222,189,142,103,84,15,37,23,8,45,61,16,19,23,28,20,29
411,m288,36.66666667,42.66666667,3.333333333,bull durham,1988,7,18941,"['comedy', 'romance', 'sport']",?,0.109087784,150,120,95,82,16,52,18,30,37,56,10,14,32,5,49,44
289,m289,42.01183432,34.02366864,0.887573964,casino,1995,8.1,111223,"['biography', 'crime', 'drama']",0,0.05441126,338,277,200,201,32,153,49,118,74,52,45,80,26,24,143,121
26,m290,7.894736842,32.45614035,6.140350877,catwoman,2004,3.2,35065,"['action', 'crime', 'fantasy']",1,0.100858838,114,96,83,72,25,39,20,8,47,31,15,19,16,15,8,9
27,m291,18.79194631,52.34899329,2.013422819,cellular,2004,6.5,32920,"['action', 'crime', 'thriller']",1,0.059757721,149,117,88,89,16,63,28,24,52,22,19,43,13,22,46,21
360,m292,80.08298755,14.93775934,0,the crying game,1992,7.3,21394,"['drama', 'thriller']",0,0.01757415,241,150,101,90,5,56,22,32,17,22,6,12,6,12,46,4
561,m293,85.47486034,7.262569832,0,charade,1963,8,22815,"['comedy', 'mystery', 'romance', 'thriller']",0,0.065105105,179,138,110,92,21,47,28,4,64,24,24,45,9,38,6,13
108,m294,7.407407407,40.74074074,20.37037037,cherry falls,2000,4.8,5669,"['horror', 'mystery', 'thriller']",1,0.026213998,108,79,57,57,16,33,12,28,34,25,14,6,8,21,20,3
151,m295,59.49367089,1.265822785,0,chill factor,1999,4.9,5381,"['action', 'adventure', 'comedy', 'thriller']",?,0.036996169,237,157,119,106,10,80,27,16,64,26,8,50,25,32,65,54
527,m296,39.89361702,38.82978723,0,chinatown,1974,8.5,80698,"['crime', 'drama', 'mystery', 'thriller']",0,0.055547251,188,140,114,86,19,45,33,6,90,35,30,31,18,28,20,14
417,m297,48.27586207,27.5862069,0,nuovo cinema paradiso,1988,8.5,46801,"['comedy', 'drama', 'romance']",?,0.099083531,58,40,31,19,3,9,6,0,23,7,5,8,1,10,1,1
596,m298,15.59139785,44.08602151,19.89247312,citizen kane,1941,8.6,140517,"['drama', 'mystery']",0,0.110294583,186,132,111,78,15,31,29,11,69,50,21,47,13,20,8,4
308,m299,51.83246073,26.70157068,0,clerks.,1994,8,90972,['comedy'],0,0.048985548,191,141,106,115,17,91,31,51,61,51,32,55,41,28,71,35
331,m300,50,46.42857143,0,cliffhanger,1993,6.2,34880,"['action', 'adventure', 'thriller']",0,0.089868254,140,114,86,82,18,42,28,8,47,25,15,27,20,22,20,24
539,m301,42.46575342,8.219178082,0,a clockwork orange,1971,8.5,197372,"['crime', 'drama', 'sci-fi']",0,0.103072289,73,54,43,41,12,21,15,9,29,17,13,17,9,14,14,22
28,m302,67.14285714,18.57142857,0,collateral,2004,7.8,106866,"['crime', 'drama', 'thriller']",0,0.025682658,140,108,80,81,14,51,19,11,41,27,8,23,11,44,29,44
232,m303,9.022556391,81.95488722,0,conspiracy theory,1997,6.5,36045,"['action', 'crime', 'mystery', 'romance', 'thriller']",0,0.078528505,133,96,78,63,12,31,19,3,59,22,7,24,12,17,12,24
233,m304,1.6,66.4,0,contact,1997,7.4,75043,"['drama', 'mystery', 'sci-fi', 'thriller']",1,0.101783889,125,91,81,61,18,32,21,5,51,26,12,30,33,18,15,22
552,m305,43.75,7.142857143,0,cool hand luke,1967,8.3,46514,"['crime', 'drama']",0,0.040119347,112,75,46,54,9,37,12,7,41,29,15,18,19,22,20,32
290,m306,4.375,60.625,25.625,copycat,1995,6.5,17335,"['crime', 'mystery', 'thriller']",1,0.055981583,160,117,90,88,23,58,21,19,87,25,30,17,24,33,32,39
29,m307,0,79.48717949,0,crash,2004,8,174003,"['crime', 'drama']",1,0.033783325,39,32,27,13,3,4,6,2,11,6,3,0,1,0,2,0
8,m308,0,65.59139785,27.41935484,crazy love,2007,7,944,['documentary'],?,0.134652309,186,124,100,60,13,19,15,10,59,24,25,45,10,7,15,7
45,m309,51.12359551,19.1011236,0,crime spree,2003,6.4,3129,"['action', 'comedy', 'crime']",?,0.069325617,178,123,94,76,13,46,18,10,57,38,31,32,16,19,23,23
46,m310,0,29.33333333,17.33333333,"crouching tiger, hidden dragon",2003,8,1091,['action'],?,0.031006323,75,61,46,45,7,32,17,8,25,15,7,18,13,29,15,16
322,m311,18.82352941,21.17647059,3.529411765,the crow,1994,7.6,55886,"['action', 'crime', 'fantasy', 'thriller']",1,0.07874572,85,72,63,39,3,19,12,8,15,6,6,7,7,4,12,3
152,m312,8.522727273,67.04545455,12.5,cruel intentions,1999,6.7,67532,"['drama', 'romance', 'thriller']",1,0.083751735,176,143,116,86,24,47,26,24,45,43,37,19,23,12,35,11
590,m313,5.511811024,42.51968504,37.79527559,the curse ofthe cat people,1944,6.9,2067,"['drama', 'fantasy', 'horror']",?,0.074672704,127,107,83,72,21,41,31,16,25,29,22,10,14,34,16,9
431,m314,9.550561798,48.31460674,30.33707865,the curse,1987,4.5,627,"['sci-fi', 'horror']",?,0.04618999,178,140,102,105,14,57,32,19,54,29,28,22,14,34,30,28
191,m315,0,0,0,dark city,1998,7.8,64262,"['mystery', 'sci-fi', 'thriller']",0,0.025636181,75,44,32,18,7,10,1,2,31,10,6,17,4,3,6,9
332,m316,66,27.33333333,0,dave,1993,6.8,20807,"['comedy', 'romance']",1,0.077086248,150,111,82,72,13,37,23,4,38,15,13,19,28,23,23,36
451,m317,13.79310345,17.24137931,0,day of the dead,1985,7,22746,"['horror', 'sci-fi']",0,0.042926316,58,44,37,31,4,16,7,5,21,11,7,0,10,16,9,9
392,m318,51.4084507,19.71830986,0,dead poets society,1989,7.8,90842,['drama'],0,0.074597815,142,105,75,60,6,36,14,9,50,31,7,11,19,14,28,19
192,m319,43.33333333,35.55555556,0,deep rising,1998,5.7,12638,"['action', 'horror', 'sci-fi', 'thriller']",?,0.042378033,90,54,29,38,1,28,5,22,6,5,2,3,13,6,28,11
509,m320,56.8,13.6,0,the deer hunter,1978,8.2,89841,"['drama', 'war']",0,0.023991335,125,87,67,58,12,39,12,20,34,36,11,12,19,16,36,27
333,m321,23.23232323,0,0,demolition man,1993,6.3,46318,"['action', 'crime', 'sci-fi']",0,0.050362397,99,70,56,39,10,12,11,1,22,13,14,25,10,10,2,8
38,m322,44.58598726,40.76433121,2.547770701,the devil and daniel webster,2004,5.7,1824,"['comedy', 'drama', 'fantasy']",?,0.122835763,157,125,105,70,19,32,26,10,51,33,23,36,26,13,18,16
412,m323,72.28915663,15.6626506,0,die hard,1988,8.3,185430,"['action', 'crime', 'thriller']",1,0.04964051,83,66,47,47,11,31,9,13,22,7,8,13,21,14,26,28
519,m324,67.17557252,17.55725191,0,dog day afternoon,1975,8.2,61120,"['crime', 'drama']",1,0.083028,131,104,72,77,15,56,19,24,55,36,26,41,29,22,45,54
18,m325,11.11111111,26.66666667,23.33333333,domino,2005,5.9,32949,"['action', 'crime', 'drama', 'thriller']",1,0.013186723,90,61,39,36,5,21,7,11,22,10,12,22,1,4,26,34
393,m326,49.27536232,14.49275362,0,do the right thing,1989,7.9,27164,['drama'],0,0.051041649,138,99,77,48,6,30,11,11,34,15,17,35,8,5,27,34
47,m327,49.22279793,30.56994819,4.663212435,dumb and dumberer: when harry met lloyd,2003,3.3,14984,['comedy'],?,0.142091687,193,142,124,66,12,28,22,4,64,38,22,27,20,19,7,18
462,m328,14.28571429,32.85714286,0,dune,1984,6.5,38954,"['action', 'adventure', 'sci-fi']",1,0.103446843,70,56,44,35,10,21,5,6,25,21,7,10,7,6,16,27
309,m329,48.18181818,25.45454545,0,ed wood,1994,8.1,75704,"['biography', 'comedy', 'drama']",1,0.115684425,220,170,140,91,23,40,22,24,82,85,29,40,19,24,38,84
155,m330,33.55704698,53.69127517,0,edtv,1999,6.1,21865,['comedy'],0,0.113202586,149,113,94,62,11,32,19,9,51,40,21,25,20,1,19,20
156,m331,23.76237624,67.32673267,2.97029703,election,1999,7.4,37868,"['comedy', 'drama']",1,0.180898795,101,74,55,50,7,30,13,18,33,22,13,12,7,11,20,15
242,m332,55.06329114,16.4556962,0,l.a. confidential,1997,8.4,168009,"['crime', 'drama', 'mystery', 'thriller']",0,0.038034104,158,98,71,69,12,45,13,34,67,39,20,35,21,21,42,43
193,m333,42.46575342,9.589041096,0,enemy of the state,1998,7.2,67504,"['action', 'drama', 'thriller']",0,0.081588802,146,105,87,68,18,41,21,14,69,38,23,41,30,13,27,45
280,m334,23.52941176,69.41176471,0,the english patient,1996,7.3,55247,"['romance', 'drama', 'war']",1,0.083089092,170,119,95,76,17,32,18,12,58,41,32,31,24,25,11,5
157,m335,12.04188482,87.43455497,0,entrapment,1999,6.1,41120,"['action', 'crime', 'romance', 'thriller']",?,0.081228484,191,146,113,82,14,37,15,12,60,29,16,50,29,12,35,32
109,m336,0.4784689,66.50717703,21.05263158,erin brockovich,2000,7.2,55641,"['biography', 'drama', 'romance']",1,0.068200429,209,167,136,106,14,57,28,13,82,28,23,42,34,12,43,65
484,m337,16.84782609,39.13043478,0,star wars: the empire strikes back,1982,8,42,"['animation', 'adventure', 'action', 'fantasy']",?,0.051261731,184,128,103,81,22,42,20,3,35,12,3,22,12,24,10,19
540,m338,37.5,12.5,0,escape from the planet of the apes,1971,6.1,7754,"['sci-fi', 'thriller']",0,-0.044141651,16,11,5,9,0,7,0,0,1,0,2,0,4,4,6,3
266,m339,32.53012048,0,0,escape from l.a.,1996,5.3,23551,"['action', 'adventure', 'sci-fi', 'thriller']",0,0.039201696,83,68,55,40,8,22,12,1,20,15,2,5,14,12,0,1
489,m340,53.76344086,26.88172043,0,excalibur,1981,7.4,24550,"['adventure', 'drama', 'fantasy']",?,0.104832013,93,67,51,40,8,23,8,5,19,6,17,5,19,9,11,7
533,m341,14.61538462,30.76923077,22.30769231,the exorcist,1973,8.1,106383,"['horror', 'thriller']",1,0.03924585,130,98,78,50,9,18,18,7,26,35,11,15,38,8,11,21
406,m342,40,40,0,the fabulous baker boys,1989,6.7,9433,"['drama', 'music', 'romance']",?,0.03779435,245,183,131,117,19,59,35,27,55,64,41,33,41,17,43,50
235,m343,40.19607843,33.33333333,0,face/off,1997,7.3,103386,"['action', 'crime', 'drama', 'sci-fi', 'thriller']",0,0.021783534,102,76,60,41,5,23,10,5,52,28,12,24,9,4,13,16
136,m344,31.12244898,51.02040816,4.081632653,the family man,2000,6.6,34509,"['comedy', 'fantasy', 'drama', 'romance']",?,0.135940483,196,136,110,74,15,23,20,5,50,33,21,33,29,6,17,50
323,m345,46.47058824,48.82352941,0,the fantastic four,1994,3.8,1472,"['action', 'adventure', 'sci-fi', 'fantasy']",0,0.071890505,170,113,85,61,7,15,16,1,67,11,5,14,7,9,4,40
555,m346,70.13888889,22.22222222,0,fantastic voyage,1966,6.8,5231,"['adventure', 'sci-fi']",0,0.026797491,144,87,63,49,11,27,10,17,32,14,4,21,4,7,21,45
267,m347,39.09774436,37.59398496,0,fargo,1996,8.3,168176,"['crime', 'drama', 'thriller']",0,0.11510985,133,104,88,57,10,24,25,10,39,18,14,29,8,10,26,75
158,m348,62.23404255,25,0,fight club,1999,8.8,391697,"['crime', 'drama', 'mystery', 'thriller']",0,0.026879572,188,129,97,91,13,57,17,26,52,30,26,19,18,39,43,22
48,m349,3.03030303,56.56565657,24.24242424,final destination 2,2003,6.4,36312,"['horror', 'thriller']",1,0.058571466,99,60,33,39,5,24,7,12,11,10,7,7,4,18,19,18
110,m350,27.5862069,55.17241379,0,final destination,2000,6.8,53422,"['horror', 'thriller']",0,0.06841557,58,35,22,21,1,9,11,2,18,10,2,6,6,4,7,7
454,m351,53.33333333,17.77777778,0,rambo: first blood part ii,1985,5.8,39147,"['action', 'adventure', 'thriller']",0,-0.007241672,90,72,62,44,6,21,14,4,34,19,12,14,11,10,21,29
375,m352,36.76470588,41.17647059,9.558823529,the fisher king,1991,7.5,28310,"['comedy', 'drama', 'romance']",1,0.111712749,136,104,87,55,10,31,17,8,23,31,14,23,17,8,28,37
547,m353,11.40939597,67.11409396,3.355704698,five easy pieces,1970,7.5,11969,['drama'],1,0.068128858,149,95,78,51,5,26,9,6,25,36,11,10,12,1,22,23
111,m354,26.82926829,51.2195122,9.756097561,five feet high and rising,2000,6.5,326,['short'],?,0.10045874,41,30,25,19,1,10,4,0,19,12,5,10,5,4,7,9
452,m355,32.2147651,34.89932886,0,fletch,1985,6.7,17336,"['comedy', 'crime', 'mystery']",0,0.096094873,149,117,95,79,15,46,27,18,57,48,21,35,16,27,33,24
383,m356,26.31578947,59.39849624,0,the adventures of ford fairlane,1990,5.6,9051,"['action', 'adventure', 'comedy', 'music']",?,0.064529035,133,90,61,64,6,45,8,21,38,33,12,29,16,17,43,38
544,m357,33.73493976,2.409638554,0,the french connection,1971,7.9,34062,"['action', 'crime', 'thriller']",0,0.010859432,83,57,34,40,6,23,9,5,10,16,7,8,12,13,17,24
112,m358,65,16.42857143,0,frequency,2000,7.3,36396,"['crime', 'drama', 'sci-fi', 'thriller']",?,0.039493205,140,86,56,58,13,29,22,6,29,31,17,6,13,16,16,40
480,m359,11.5942029,69.56521739,7.246376812,friday the 13th part iii,1982,5.1,11718,['horror'],1,0.007874207,69,51,38,36,9,17,7,2,12,10,3,8,2,14,11,18
441,m360,23.61111111,48.61111111,20.83333333,jason lives: friday the 13th part vi,1986,5.3,9919,"['comedy', 'horror', 'thriller']",?,0.05822939,72,56,34,43,7,22,13,7,17,6,3,10,8,7,18,6
335,m361,17.39130435,30.43478261,8.695652174,jason goes to hell: the final friday,1993,4.1,8894,"['horror', 'thriller']",?,0.007506146,46,31,22,16,8,4,7,0,15,14,8,1,2,8,1,0
395,m362,10.12658228,58.2278481,24.05063291,friday the 13th part viii: jason takes manhattan,1989,3.9,10288,['horror'],1,0.119093408,79,57,35,34,5,10,13,1,27,25,5,6,3,4,2,0
21,m363,37.28813559,46.61016949,0,game 6,2005,6,1414,"['comedy', 'drama', 'sport']",?,0.069967157,118,95,82,58,18,32,23,4,53,33,20,10,27,20,5,5
481,m364,3.409090909,0,0,gandhi,1982,8.2,52160,"['biography', 'drama', 'history']",?,0.072327939,88,59,37,39,10,15,10,2,31,12,9,9,5,12,5,1
237,m365,48.18181818,20.90909091,0,gattaca,1997,7.8,72063,"['drama', 'romance', 'sci-fi', 'thriller']",0,0.028972223,110,75,54,44,7,18,8,2,33,14,12,24,7,6,11,1
537,m366,28.18181818,65.45454545,0,the getaway,1972,7.5,10151,"['action', 'adventure', 'crime', 'thriller']",?,0.136175342,110,61,54,29,9,14,3,1,21,17,6,12,12,10,10,3
114,m367,30.08849558,39.82300885,0,get carter,2000,4.8,14319,"['action', 'crime', 'drama', 'thriller']",?,0.062334725,113,65,49,41,2,34,13,16,45,16,7,27,4,8,34,13
350,m368,92.43243243,0,0,glengarry glen ross,1992,7.9,32882,['drama'],0,-0.037476208,185,129,99,94,21,74,28,49,81,37,37,70,16,14,64,31
529,m369,54.54545455,19.58041958,0,the godfather: part ii,1974,9,251290,"['crime', 'drama', 'thriller']",0,0.084626862,143,124,97,80,19,47,32,13,57,53,45,45,14,33,19,5
195,m370,69.18918919,23.78378378,0,gods and monsters,1998,7.5,16063,"['biography', 'drama']",?,0.106556447,185,138,109,96,26,36,29,6,71,51,19,37,14,15,23,15
116,m371,29.85074627,16.41791045,0,gone in sixty seconds,2000,6,74474,"['action', 'crime', 'thriller']",0,0.090580416,201,127,90,90,21,53,17,15,41,27,17,34,20,14,44,50
379,m372,18.42105263,42.10526316,0,goodfellas,1990,8.8,234582,"['crime', 'drama', 'thriller']",1,0.065848317,76,63,43,50,12,35,7,22,30,13,15,13,6,2,31,26
238,m373,68.71794872,20.51282051,0,good will hunting,1997,8.1,154419,['drama'],0,0.074090785,195,152,122,92,21,44,36,22,86,41,25,40,18,15,38,38
597,m374,23.37662338,29.22077922,5.844155844,the grapes of wrath,1940,8.3,23850,['drama'],1,0.079767972,154,104,88,59,14,25,21,8,45,25,16,29,16,17,6,44
239,m375,37.73584906,42.45283019,0,grosse pointe blank,1997,7.4,41877,"['comedy', 'crime', 'romance', 'thriller']",1,0.113236989,106,91,77,51,6,20,21,5,46,28,23,23,11,11,9,15
216,m376,7.441860465,55.81395349,33.02325581,the horse whisperer,1998,6.4,15953,"['drama', 'romance', 'western']",?,0.145724388,215,167,142,80,10,39,29,4,70,48,25,24,21,11,25,34
292,m377,18.04511278,30.82706767,0,hackers,1995,5.8,27009,"['action', 'crime', 'drama', 'thriller']",0,0.068140983,133,86,65,55,4,25,18,4,42,10,11,13,11,9,18,19
413,m378,25,26,21,halloween 4: the return of michael myers,1988,5.6,11315,"['horror', 'thriller']",?,0.065364702,100,61,42,46,14,24,7,2,13,21,24,5,10,11,9,10
505,m379,0,46.91358025,33.33333333,halloween,1978,7.9,64690,"['horror', 'thriller']",1,0.006253163,81,63,54,30,8,3,12,1,23,14,10,3,3,1,1,15
439,m380,4.152249135,58.47750865,31.83391003,hannah and her sisters,1986,7.9,21088,"['comedy', 'drama', 'romance']",1,0.105520684,289,225,191,110,26,33,37,9,83,70,10,45,33,17,6,76
82,m381,12.29508197,32.78688525,0,hannibal,2001,6.4,75788,"['crime', 'thriller']",1,0.059312614,122,95,81,69,26,33,30,20,51,37,18,29,14,12,22,72
83,m382,20.83333333,30.55555556,13.88888889,happy campers,2001,5.4,1785,['comedy'],?,0.138176534,72,61,44,46,8,29,11,8,24,18,8,8,13,14,29,14
397,m383,4.054054054,42.56756757,7.432432432,heathers,1989,7.3,25236,"['comedy', 'crime']",?,0.069882189,148,124,98,79,16,38,22,11,44,33,18,19,14,28,24,15
310,m384,0,21.21212121,78.78787879,heavenly creatures,1994,7.6,27211,"['crime', 'drama', 'fantasy', 'thriller']",1,0.049652733,66,50,41,36,1,21,10,11,21,20,11,10,10,9,13,5
59,m385,13.97849462,53.76344086,0,hellraiser: hellseeker,2002,4.9,3400,"['horror', 'mystery', 'thriller']",?,0.038984647,93,76,61,56,7,37,12,8,44,20,11,40,15,11,28,41
352,m386,22.44897959,32.65306122,0,hero,1992,6.3,10573,"['comedy', 'drama']",0,0.04810238,98,76,63,48,11,17,16,5,40,24,26,19,9,8,4,35
398,m387,13.13131313,42.42424242,11.11111111,hider in the house,1989,5.6,394,['thriller'],?,0.096872096,99,62,49,35,8,17,7,2,27,18,14,19,5,14,8,14
311,m388,0,35.39823009,0,highlander iii: the sorcerer,1994,3.9,7831,"['fantasy', 'sci-fi', 'action']",?,0.11591809,113,79,53,56,3,33,13,20,27,19,25,13,8,17,31,21
22,m389,57.05521472,14.72392638,0,hostage,2005,6.6,37868,"['action', 'crime', 'drama', 'thriller']",?,-0.01083798,163,96,64,61,11,41,14,14,56,35,41,20,10,22,23,22
32,m390,33.11688312,33.11688312,0,hotel rwanda,2004,8.3,94404,"['adventure', 'drama', 'history', 'thriller', 'war']",?,0.076204587,154,106,74,66,12,31,10,2,48,23,38,27,24,29,19,12
160,m391,37.42331288,53.98773006,0,house on haunted hill,1999,5.3,23127,"['horror', 'mystery', 'thriller']",?,0.083028607,163,114,90,69,14,33,18,9,24,18,27,22,23,25,23,10
269,m392,12.19512195,56.09756098,12.19512195,house of the damned,1996,4.3,216,"['action', 'horror', 'thriller']",?,0.06002108,123,90,76,50,13,18,17,6,23,28,14,22,23,4,12,5
351,m393,0,18.46153846,43.07692308,hellraiser iii: hell on earth,1992,5.1,7716,['horror'],1,0.085421726,65,56,42,45,11,13,17,10,21,22,6,12,19,8,10,15
366,m394,43.57142857,39.28571429,0,hudson hawk,1991,5.4,22116,"['action', 'adventure', 'comedy','crime']",1,0.057011151,140,108,86,70,14,38,29,8,60,39,14,39,18,13,22,28
324,m395,28.69565217,26.95652174,0,the hudsucker proxy,1994,7.4,32691,"['comedy', 'drama', 'fantasy', 'romance']",0,0.0915173,115,93,74,71,18,25,43,2,39,20,12,15,12,17,7,17
591,m396,0,52.63157895,19.73684211,i walked with a zombie,1943,7.3,3420,['horror'],1,0.050016694,76,64,56,39,11,18,12,1,26,18,19,10,12,7,8,13
254,m397,17.26618705,53.23741007,10.79136691,the ice storm,1997,7.5,27724,['drama'],?,0.116933149,139,103,80,60,10,38,15,9,36,42,25,12,14,9,22,19
60,m398,47.82608696,36.95652174,0,insomnia,2002,7.3,69635,"['crime', 'drama', 'mystery', 'thriller']",0,0.074386153,92,56,42,38,8,14,16,3,15,14,2,3,15,21,4,1
312,m399,59.86842105,40.13157895,0,interview with the vampire: the vampire chronicles,1994,7.4,80077,"['drama', 'fantasy']",0,0.090397796,152,113,84,71,13,38,22,2,22,28,9,7,21,38,11,10
198,m400,11.11111111,46.66666667,28.88888889,i still know what you did last summer,1998,4.1,23543,"['horror', 'mystery', 'thriller']",1,0.06510933,135,97,71,66,15,25,28,1,16,26,22,11,8,36,8,10
589,m401,34.7826087,32.60869565,10.86956522,isle of the dead,1945,6.6,1405,"['drama', 'horror', 'mystery', 'thriller']",1,0.056398586,92,74,56,31,6,16,9,0,25,12,11,15,13,6,2,2
587,m402,28.34224599,28.34224599,0,it's a wonderful life,1946,8.7,103290,"['drama', 'fantasy', 'romance']",1,0.078002192,187,125,104,52,8,24,18,2,54,35,21,35,14,6,17,25
506,m403,33.81642512,28.01932367,0,jaws 2,1978,5.6,18995,['thriller'],0,0.125696516,207,129,93,71,7,36,17,0,41,37,17,18,14,16,29,12
469,m404,18.51851852,71.11111111,3.703703704,jaws 3-d,1983,3.3,12839,['thriller'],1,0.109347906,135,100,81,61,14,34,16,1,34,36,12,10,12,10,16,8
426,m405,32.85024155,42.02898551,15.94202899,jaws: the revenge,1987,2.6,15727,['thriller'],1,0.046241456,207,140,94,90,17,55,22,15,53,34,14,26,24,16,48,40
353,m407,52.4137931,27.5862069,4.137931034,jennifer eight,1992,6.2,6224,"['thriller', 'mystery']",?,0.030131682,145,107,83,65,12,30,24,10,49,27,15,9,10,5,18,31
271,m408,36.55913978,41.39784946,6.989247312,jerry maguire,1996,7.3,79706,"['comedy', 'drama', 'romance', 'sport']",0,0.13192156,186,132,113,73,17,27,30,9,47,36,15,25,12,12,23,28
86,m409,49.03846154,50.96153846,0,jurassic park iii,2001,5.7,62564,"['action', 'adventure', 'sci-fi', 'thriller']",0,0.073537022,104,74,52,46,9,24,15,0,34,25,7,16,9,10,9,7
255,m410,49.01960784,39.21568627,0,the lost world: jurassic park,1997,6,78169,"['action', 'adventure', 'sci-fi', 'thriller','animation', 'horror']",1,0.02281707,102,69,57,35,7,19,6,0,21,10,8,10,9,8,8,3
336,m411,36.55913978,48.92473118,0,jurassic park,1993,7.9,153737,"['action', 'adventure', 'family', 'sci-fi', 'fantasy']",1,0.08572861,186,129,88,86,18,39,22,8,51,30,13,24,9,17,14,16
49,m412,0,19.11764706,0,freddy vs. jason,2003,5.8,39850,"['horror', 'thriller']",1,0.100938857,68,50,45,30,7,9,8,1,41,9,9,11,1,13,0,14
368,m413,45.54455446,32.67326733,0.99009901,kafka,1991,6.9,4467,"['comedy', 'drama', 'mystery', 'sci-fi', 'thriller']",?,0.028630267,101,71,58,46,13,25,22,4,39,24,11,21,18,17,13,19
23,m414,0,30.18867925,0,king kong,2005,7.6,134187,"['adventure', 'drama', 'romance']",0,0.071169882,53,35,23,16,6,7,3,0,3,4,5,2,7,5,4,6
543,m415,13.40206186,58.7628866,3.092783505,klute,1971,7.2,6901,"['mystery', 'romance', 'thriller']",1,0.085452615,97,72,61,48,10,18,21,7,42,21,17,21,6,10,6,11
501,m416,37.66233766,35.06493506,0,kramer vs.kramer,1979,7.7,25836,['drama'],0,0.122489392,154,116,93,75,14,34,31,7,60,25,14,33,23,17,17,14
241,m417,38.70967742,0,0,kundun,1997,7.1,10378,"['biography', 'drama', 'history', 'war']",?,0.089553613,93,68,49,50,7,21,16,5,24,12,4,7,11,24,6,39
161,m418,28.57142857,60.43956044,0,lake placid,1999,5.4,19621,"['action', 'comedy', 'horror', 'thriller']",?,0.047069545,182,138,107,83,15,41,17,7,61,34,16,21,11,29,16,50
376,m419,0,52.94117647,11.76470588,the silence of the lambs,1991,8.7,251237,"['crime', 'thriller']",1,0.109771801,102,78,59,62,14,36,17,10,41,19,9,19,12,29,10,4
511,m420,35.71428571,37.75510204,0,last of the mohicans,1977,7.3,71,"['action', 'adventure', 'war']",?,0.050004021,98,54,39,33,5,22,2,6,28,8,1,6,8,12,17,9
400,m421,21.70542636,27.90697674,0,leviathan,1989,5.3,4751,"['adventure', 'horror', 'mystery', 'sci-fi', 'thriller']",1,0.055276196,129,94,64,62,11,45,9,30,31,14,17,27,10,13,42,18
200,m422,25.58139535,0,0,"lock, stock and two smoking barrels",1998,8.2,129117,"['crime', 'thriller']",0,0.015523843,129,87,63,61,8,33,14,17,42,20,9,28,11,10,33,15
272,m423,49.72677596,30.6010929,7.650273224,lone star,1996,7.6,14666,"['drama', 'mystery', 'romance', 'western']",0,0.05139101,183,124,94,77,12,49,20,7,68,39,23,41,23,28,27,31
296,m424,28.88888889,31.11111111,0,lord of illusions,1995,5.6,5031,"['fantasy', 'horror', 'mystery', 'thriller']",?,0.04839699,135,97,67,61,7,35,14,15,30,24,11,14,12,19,30,4
50,m425,0,83.5443038,0,lost in translation,2003,7.9,132645,"['drama', 'romance']",1,0.088364829,79,60,47,37,13,14,11,4,27,19,13,3,18,16,3,8
119,m426,17.09401709,54.7008547,0,lost souls,2000,4.6,6663,"['drama', 'horror', 'thriller', 'romance']",?,0.072483177,117,97,80,63,8,30,15,8,42,33,17,11,20,15,13,12
120,m427,7.185628743,62.2754491,27.54491018,love & basketball,2000,6.7,5907,"['drama', 'romance', 'sport']",1,0.055057536,167,127,114,76,11,41,27,24,53,53,21,16,4,6,38,37
162,m428,35.9375,46.875,0,magnolia,1999,8,123476,['drama'],0,0.042928284,192,149,120,111,16,69,48,43,50,46,32,24,45,28,56,45
217,m429,73.94366197,6.338028169,0,the man in the iron mask,1998,6.1,36684,"['action', 'adventure', 'drama', 'history']",0,0.049576567,142,112,84,77,15,51,20,13,44,25,24,15,15,19,35,14
51,m430,12.64367816,12.64367816,0,manhunt,2003,8.7,736,"['action', 'adventure', 'crime', 'horror', 'thriller']",?,0.023261185,87,51,33,28,7,13,9,6,35,29,16,7,9,12,5,6
442,m431,52.08333333,29.16666667,0,manhunter,1986,7.2,21649,"['crime', 'thriller']",0,0.097599408,144,105,91,67,13,37,25,10,54,44,27,16,18,20,22,25
163,m432,59.01639344,24.59016393,0,man on the moon,1999,7.4,49915,"['biography', 'comedy', 'drama']",0,0.073811083,122,81,61,46,7,24,8,4,29,20,8,9,12,15,19,14
180,m433,45.80645161,43.22580645,0,the matrix,1999,8.7,389480,"['action', 'adventure', 'sci-fi']",1,0.063668573,155,98,72,58,11,36,9,5,23,13,5,25,24,12,21,15
482,m434,74.45255474,14.59854015,0,halloween iii: season of the witch,1982,3.8,13037,"['horror', 'mystery', 'sci-fi']",?,0.055602457,137,95,84,44,10,22,11,4,41,30,14,25,5,8,11,11
201,m435,46.51162791,43.18936877,2.325581395,meet joe black,1998,6.9,56839,"['drama', 'fantasy', 'mystery', 'romance']",0,0.096206076,301,211,165,115,16,48,44,18,70,47,25,72,14,16,34,16
121,m436,50.73529412,30.14705882,0,memento,2000,8.7,281027,"['crime', 'drama', 'mystery', 'thriller']",0,-0.02528286,136,88,66,59,15,28,15,11,47,21,8,35,5,17,17,21
15,m437,29.37062937,32.86713287,0,miami vice,2006,6,52448,"['action', 'crime', 'drama', 'thriller']",?,0.049493561,143,111,87,82,14,48,17,13,41,26,8,46,27,11,54,52
548,m438,64.78873239,0,0,midnight cowboy,1969,8,34405,['drama'],0,0.081838366,71,52,33,36,6,23,6,8,19,13,6,20,5,10,22,12
507,m439,50.57471264,28.73563218,0,midnight express,1978,7.6,24103,"['biography', 'crime', 'drama', 'thriller']",0,-0.015422291,87,52,32,35,5,21,7,9,19,3,2,2,12,4,21,15
246,m440,31.52173913,58.69565217,0,mimic,1997,5.7,14916,"['drama', 'horror', 'sci-fi']",?,0.047692746,92,76,69,46,25,15,30,1,39,26,12,15,7,14,2,6
381,m441,2.105263158,96.84210526,0,misery,1990,7.8,41563,['thriller'],0,0.203533412,95,76,65,48,22,20,18,3,37,19,14,18,4,10,9,10
122,m442,30.4,43.2,0,mission: impossible ii,2000,5.7,86452,"['action', 'adventure', 'thriller']",0,0.075366266,125,87,69,62,16,23,24,3,55,17,6,18,7,16,14,24
273,m443,41.81818182,39.09090909,0,mission: impossible,1996,6.9,87677,"['action', 'adventure', 'thriller']",0,0.052593869,110,69,58,39,9,16,15,2,27,19,16,13,15,16,8,22
427,m444,6.896551724,70.34482759,10.34482759,moonstruck,1987,7.1,15879,"['comedy', 'romance', 'drama']",1,0.118573224,145,96,75,55,10,18,13,1,24,17,15,12,22,22,8,11
521,m445,33.33333333,0,0,monty python and the holy grail,1975,8.4,157683,"['adventure', 'comedy']",0,0.089709777,129,86,70,52,15,18,21,2,29,14,21,8,6,14,7,8
247,m446,38.59649123,31.57894737,0,mrs brown,1997,7.2,5701,"['biography', 'drama', 'history', 'romance']",?,0.083011216,114,86,67,55,9,22,13,4,33,37,13,6,14,14,12,5
328,m447,7,70,0,arcade,1993,4.6,668,['sci-fi'],?,-0.024980898,100,73,60,37,7,10,11,3,24,20,12,14,1,5,6,9
91,m448,6.329113924,15.18987342,45.56962025,mulholland dr.,2001,8,105859,"['drama', 'mystery', 'thriller']",1,0.081144996,79,64,48,50,12,26,8,8,27,21,12,19,7,13,19,6
1,m449,50.73529412,45.58823529,0,"""murderland""",2009,5.8,88,"['crime', 'drama', 'mystery']",?,0.106279769,136,111,93,54,10,27,12,9,55,33,20,23,10,17,15,14
315,m450,3.409090909,71.59090909,14.77272727,my girl 2,1994,4.8,5689,"['comedy', 'drama', 'family', 'romance']",?,0.1109318,176,131,117,57,8,14,18,5,40,44,30,19,13,21,4,43
370,m451,1.863354037,69.56521739,18.63354037,my girl,1991,6.4,17967,"['comedy', 'drama', 'family', 'romance']",1,0.130252493,161,119,100,63,22,17,23,7,41,35,23,20,8,11,14,41
248,m452,3.645833333,73.95833333,22.39583333,my best friend's wedding,1997,6.2,37682,"['comedy', 'romance']",0,0.083008914,192,135,109,72,12,29,16,7,42,33,21,17,12,4,17,13
522,m453,29.66101695,24.57627119,0.847457627,nashville,1975,7.7,9315,"['drama', 'music']",1,0.092529563,118,88,69,49,6,29,14,16,34,27,16,18,16,17,19,23
316,m454,62.85714286,6.666666667,0,natural born killers,1994,7.1,73047,"['action', 'crime', 'drama', 'romance', 'thriller']",1,0.041086952,105,75,62,41,8,26,9,4,33,20,12,16,18,6,24,24
559,m455,19.04761905,52.38095238,0,nothing but a man,1964,7.8,448,"['drama', 'romance']",?,0.17948827,126,101,84,64,9,40,14,9,42,30,14,19,28,16,34,20
218,m456,0,0,0,the negotiator,1998,7.2,46983,"['action', 'crime', 'drama', 'mystery', 'thriller']",0,-0.123308405,9,8,8,5,0,4,0,0,2,0,1,2,1,2,4,3
416,m457,0,37.70491803,0,neuromancer,1988,9.3,48,"['action', 'adventure', 'animation', 'sci-fi']",?,0.073326709,122,89,65,59,14,31,14,18,42,27,7,8,11,14,26,15
166,m458,1.438848921,52.51798561,25.89928058,never been kissed,1999,5.7,27409,"['comedy', 'drama', 'romance']",1,0.104530697,139,98,73,64,17,26,17,9,48,35,17,18,17,14,18,13
341,m459,0,0,0,the nightmare before christmas,1993,8,81753,"['animation', 'family', 'fantasy', 'musical']",0,0.071480159,30,22,18,10,1,4,3,0,4,3,5,1,0,4,1,3
447,m460,15.90909091,50,0,a nightmare on elm street part 2: freddy's revenge,1985,4.9,16582,"['fantasy', 'horror', 'thriller']",1,0.035981242,88,62,42,37,5,12,14,6,17,21,14,4,6,13,12,5
421,m461,4.301075269,33.33333333,25.80645161,a nightmare on elm street 3: dream warriors,1987,6.3,17734,"['fantasy', 'horror', 'thriller']",1,0.068786272,93,68,54,44,10,19,15,6,27,26,14,10,14,5,12,3
167,m462,30.16759777,55.86592179,2.234636872,notting hill,1999,6.9,67217,"['comedy', 'romance']",1,0.107934682,179,139,116,79,12,35,32,10,36,40,11,17,22,9,25,24
523,m463,35.21126761,26.29107981,2.34741784,one flew over the cuckoo's nest,1975,8.9,219739,['drama'],0,0.06043978,213,129,97,68,16,32,30,9,35,46,18,32,20,9,34,56
318,m464,0.961538462,50,37.98076923,only you,1994,6.2,6620,"['comedy', 'romance']",?,0.134745946,208,145,116,67,20,26,16,5,43,33,19,34,30,10,4,29
576,m465,46.61654135,35.33834586,0,on the waterfront,1954,8.4,42010,"['crime', 'drama', 'romance']",0,0.118100973,133,110,94,59,16,18,19,1,33,44,13,29,22,20,6,36
556,m466,0,35.29411765,0,orgy of the dead,1965,2.5,1395,"['fantasy', 'horror']",?,0.182906331,34,26,19,18,2,14,5,6,10,10,11,6,4,3,12,15
203,m467,46.47302905,36.09958506,4.149377593,out of sight,1998,7.2,38595,"['comedy', 'crime', 'romance', 'thriller']",0,0.071512169,241,167,121,102,18,76,17,34,71,52,40,46,23,24,63,79
92,m468,38.1443299,18.55670103,10.30927835,pearl harbor,2001,5.4,97519,"['action', 'drama', 'romance', 'war']",0,0.107312743,97,78,65,51,12,26,21,4,39,29,9,12,10,10,11,9
443,m469,2.116402116,59.25925926,37.03703704,peggy sue got married,1986,6.3,12574,"['comedy', 'drama', 'fantasy', 'romance']",1,0.097014045,189,147,116,93,25,43,26,13,71,43,28,33,25,27,23,13
356,m470,73.7704918,16.39344262,0,pet sematary ii,1992,4.2,6014,"['action', 'horror', 'thriller']",?,0.021556766,61,48,41,17,7,6,5,10,22,9,3,6,5,2,6,7
338,m471,63.69426752,14.64968153,1.27388535,philadelphia,1993,7.6,54221,['drama'],0,0.09520502,157,120,91,84,22,45,24,44,51,25,8,17,19,22,30,59
126,m472,21.19205298,57.61589404,3.311258278,pitch black,2000,7,55982,"['action', 'sci-fi', 'thriller']",1,0.066255446,151,113,84,67,9,26,18,8,37,14,4,12,27,18,18,29
93,m473,40.29850746,0,0,planet of the apes,2001,5.5,73596,"['action', 'adventure', 'sci-fi', 'thriller', 'animation']",1,0.077170327,134,102,72,80,10,55,15,32,30,18,4,7,14,26,47,36
444,m474,28.57142857,0,0,platoon,1986,8.2,110867,"['action', 'drama', 'war']",0,-0.032354552,77,56,44,34,6,21,9,1,17,22,8,13,0,18,2,3
274,m475,1.612903226,39.78494624,0,playback,1996,3.6,164,['thriller'],?,0.070820768,186,164,140,109,23,53,47,7,84,65,26,43,8,40,8,7
473,m476,40.69767442,48.8372093,0,the ploughman's lunch,1983,6.8,154,['drama'],?,0.115569262,86,65,54,47,5,29,17,14,37,26,11,18,10,10,22,28
371,m477,65.625,17.70833333,0,point break,1991,6.9,37722,"['action', 'adventure', 'crime', 'drama', 'sport', 'thriller']",?,0.080238366,96,75,54,49,3,29,9,11,37,15,8,23,10,6,18,21
428,m478,7.894736842,0,0,predator,1987,7.8,90730,"['action', 'adventure', 'sci-fi', 'thriller']",0,0.082637017,38,26,22,16,3,11,1,5,11,8,4,14,3,2,9,6
382,m479,19.375,58.75,10.625,pretty woman,1990,6.7,61642,"['comedy', 'romance']",1,0.141465617,160,129,112,75,17,39,26,14,54,21,17,52,12,22,12,23
434,m480,48.42767296,15.09433962,0,the princess bride,1987,8.1,125281,"['adventure', 'comedy', 'family', 'fantasy', 'romance']",0,0.111838989,159,130,105,79,16,47,26,5,54,39,5,28,6,27,5,19
551,m481,72.22222222,6.666666667,0,the producers,1968,7.7,19432,['comedy'],0,0.064406957,90,62,54,35,5,10,15,1,34,19,15,24,7,3,1,6
565,m482,20,43.47826087,2.608695652,psycho,1960,8.7,146915,"['drama', 'horror', 'mystery', 'thriller']",0,0.04634852,115,82,71,63,23,21,22,4,38,35,23,33,5,15,1,10
492,m483,25,18.75,0,maniac,1980,6.2,3382,"['drama', 'horror', 'thriller']",1,0.110042348,32,23,22,15,4,8,3,0,9,8,3,6,1,8,2,2
612,m484,62.5,0,0,vampyr,1932,7.6,4005,"['fantasy', 'horror']",1,-0.044113005,8,7,6,6,1,1,1,1,5,2,0,1,1,1,0,1
607,m485,11.42857143,57.14285714,8.571428571,mystery of the wax museum,1933,6.8,1740,"['horror', 'mystery', 'thriller']",?,0.040543569,70,57,51,44,13,16,16,7,24,18,13,13,13,9,7,17
127,m486,25,75,0,quantum project,2000,4.8,47,"['short', 'adventure', 'drama', 'romance']",?,0.078291667,20,13,11,8,3,2,2,0,7,7,6,1,0,0,0,3
372,m487,14.5,68.5,12.5,rambling rose,1991,6.6,2631,['drama'],?,0.150895179,200,174,156,126,35,65,31,28,62,40,38,32,35,25,48,43
16,m488,0,18.18181818,0,red white black & blue,2006,6.3,37,['documentary'],?,0.084910671,132,99,73,60,9,33,15,9,30,11,7,7,5,15,13,19
471,m489,23.07692308,20.87912088,0,star wars: episode vi - return of the jedi,1983,8.3,215058,"['action', 'adventure', 'fantasy', 'sci-fi']",0,0.100119094,91,63,49,35,11,13,7,1,11,17,5,9,4,4,3,14
526,m490,15.78947368,49.12280702,0,the rocky horror picture show,1975,7.1,42713,"['comedy', 'musical']",1,0.086534324,57,44,37,29,8,14,11,1,15,9,11,6,2,2,6,29
516,m491,38.85350318,28.66242038,0,rocky,1976,8.1,100022,"['drama', 'romance', 'sport']",0,0.108084481,157,128,106,77,6,52,24,7,58,39,19,33,19,13,24,91
419,m492,58.55855856,27.02702703,0,who framed roger rabbit,1988,7.6,54375,"['animation', 'comedy', 'crime', 'family', 'fantasy', 'mystery', 'adventure', 'action']",0,0.100219926,111,99,82,69,16,33,23,5,29,33,20,16,43,22,9,40
550,m493,38.88888889,20.37037037,14.81481481,romeo and juliet,1968,7.8,12360,"['drama', 'romance']",1,0.205245511,54,46,42,35,6,26,9,14,24,17,3,17,10,20,19,10
205,m494,42.56756757,29.05405405,0,ronin,1998,7.2,58201,"['action', 'crime', 'thriller']",0,0.041920948,148,111,80,72,10,59,5,13,50,14,7,33,12,33,43,21
206,m495,68.44919786,24.06417112,0,route 9,1998,6,557,"['crime', 'drama']",?,0.045652272,187,131,106,65,5,43,10,7,43,32,17,50,27,12,42,22
94,m496,61.24031008,12.40310078,0,rush hour 2,2001,6.5,52716,"['action', 'comedy', 'crime', 'thriller']",0,0.023799934,129,100,72,71,10,50,22,7,46,32,11,15,24,23,44,27
207,m497,56.12244898,16.32653061,0,rush hour,1998,6.8,56376,"['action', 'comedy', 'thriller', 'crime']",1,0.099628014,98,75,61,37,7,13,10,0,36,22,3,17,13,4,4,13
170,m498,14.86486486,58.78378378,17.56756757,runaway bride,1999,5.2,28793,"['comedy', 'romance']",?,0.118822779,148,111,93,59,15,22,21,5,33,34,16,14,13,7,6,13
340,m499,32.25806452,48.38709677,16.77419355,sleepless in seattle,1993,6.6,44179,"['comedy', 'romance', 'drama']",0,0.140805717,155,118,93,70,14,20,28,5,53,38,27,16,13,12,6,21
578,m500,36.11111111,47.22222222,11.11111111,salt of the earth B301:B323,1954,7.6,1085,"['drama', 'history']",1,0.035896075,72,49,39,31,8,18,9,5,11,9,6,12,12,5,14,11
71,m501,61.84971098,20.23121387,0,the salton sea,2002,7.1,16669,"['crime', 'drama', 'mystery', 'thriller']",?,0.044407563,173,121,84,92,12,60,22,16,35,29,10,30,29,30,54,13
208,m502,86.84210526,0,0,saving private ryan,1998,8.5,275666,"['action', 'drama', 'history', 'war']",0,0.069475977,152,114,83,75,17,39,18,11,43,28,19,15,23,18,28,15
402,m503,13.76811594,60.86956522,2.173913043,say anything...,1989,7.5,25220,"['comedy', 'drama', 'romance']",0,0.140913664,138,109,96,50,18,15,24,3,57,19,11,28,12,12,6,16
339,m504,53.75,7.5,0,schindler's list,1993,8.9,282473,"['biography', 'drama', 'history', 'war']",1,0.156645461,80,57,30,40,10,18,11,3,19,16,9,9,7,12,10,5
249,m505,0,38.88888889,13.19444444,scream 2,1997,5.9,48988,"['horror', 'mystery', 'thriller']",1,0.025271787,144,113,73,82,18,53,31,15,41,50,20,14,21,43,26,27
130,m506,2.678571429,46.42857143,19.64285714,scream 3,2000,5.3,38870,"['horror', 'mystery', 'thriller']",1,0.03693606,112,85,67,67,16,53,23,20,29,40,21,7,14,36,35,28
275,m507,21.05263158,56.93779904,15.31100478,scream,1996,7.2,92543,"['crime', 'horror', 'mystery', 'thriller']",1,0.027176793,209,146,108,99,20,57,19,32,62,42,23,26,29,42,41,16
502,m508,83.76623377,9.090909091,0,seven,1979,6.1,259,"['action', 'drama']",?,0.035457414,154,104,73,70,8,43,17,5,44,19,15,20,11,28,13,41
572,m509,66.40625,9.375,0,the searchers,1956,8.1,30138,"['adventure', 'drama', 'western']",1,0.117161867,128,88,70,54,6,17,21,3,28,15,14,11,6,18,9,13
131,m510,6.944444444,65.27777778,0,seven days to live,2000,5.2,1150,"['drama', 'horror', 'thriller']",?,0.033296127,72,48,40,22,5,3,8,0,15,21,2,9,8,7,0,0
209,m511,27.46478873,28.87323944,2.816901408,shakespeare in love,1998,7.4,78654,"['comedy', 'drama', 'romance']",1,0.192676329,142,107,91,60,25,22,19,9,39,35,24,26,35,16,7,4
320,m512,41.30434783,54.34782609,0,shallow grave,1994,7.4,21611,"['comedy', 'crime', 'drama', 'thriller']",?,0.118662276,138,97,76,56,12,23,19,6,30,11,11,24,7,14,10,11
524,m513,16.8627451,72.15686275,2.745098039,shampoo,1975,6.2,4406,"['drama', 'romance']",0,0.078599733,255,181,155,86,12,37,18,21,52,54,36,33,17,7,39,32
496,m514,37.57575758,47.27272727,0,the shining,1980,8.5,182077,"['horror', 'mystery', 'thriller']",0,0.172236497,165,117,105,54,7,27,12,5,41,31,23,14,25,9,15,22
455,m515,78.84615385,11.53846154,0,silver bullet,1985,5.9,6498,"['adventure', 'drama', 'horror', 'mystery', 'thriller']",?,0.081354397,52,41,30,23,4,14,4,1,14,16,5,7,23,2,8,2
358,m516,15.61181435,48.10126582,14.34599156,sister act,1992,5.9,25196,"['comedy', 'crime', 'music']",1,0.098905772,237,153,114,97,22,35,31,4,68,37,22,25,76,39,17,18
171,m517,40.28776978,23.02158273,0,sleepy hollow,1999,7.5,108951,"['fantasy', 'mystery', 'thriller']",1,0.019226031,139,100,84,70,17,42,15,13,31,30,26,28,20,19,35,21
276,m518,56.42857143,37.85714286,1.428571429,sling blade,1996,8,42087,['drama'],?,0.102578419,140,116,101,73,15,39,19,11,57,47,21,40,24,25,23,36
301,m519,66.34615385,19.23076923,3.846153846,smoke,1995,7.5,15482,"['comedy', 'drama']",?,0.086767557,104,86,76,60,14,41,19,11,57,38,30,43,20,34,30,33
172,m520,34.02777778,22.91666667,0,snow falling on cedars,1999,6.7,8483,"['drama', 'mystery', 'romance', 'thriller']",?,0.042763789,144,86,62,49,10,14,15,2,29,23,11,8,2,19,5,34
568,m522,35.93073593,48.48484848,0,some like it hot,1959,8.4,68749,['comedy'],1,0.071413694,231,162,138,84,19,28,41,8,72,77,28,53,4,10,11,11
25,m523,15.03759398,65.41353383,9.77443609,the wedding date,2005,5.5,12340,"['comedy', 'romance']",1,0.049208126,133,89,63,59,11,15,32,2,31,18,20,6,8,6,9,22
536,m524,27.96610169,47.45762712,0,sounder,1972,7.8,1298,['drama'],?,0.068143461,118,91,59,69,9,43,14,24,26,17,13,15,21,10,41,30
173,m525,56.13207547,5.188679245,0,south park: bigger longer & uncut,1999,7.8,80257,"['animation', 'comedy', 'musical']",?,-0.022438676,212,150,118,89,14,65,7,29,39,38,16,18,37,19,59,30
250,m526,47.69230769,52.30769231,0,spacejacked,1997,2.9,105,"['action', 'sci-fi']",?,0.091332188,130,91,73,52,12,25,8,8,34,43,15,9,5,16,17,21
359,m527,60.15625,36.71875,0,spare me,1992,5.8,26,['thriller'],?,0.032925675,128,90,60,62,11,43,16,15,51,30,12,17,10,17,26,26
211,m528,58.69565217,37.31884058,0,sphere,1998,5.6,31924,"['drama', 'horror', 'mystery', 'sci-fi', 'thriller']",0,0.020783532,276,165,111,121,35,65,26,13,76,30,27,16,12,33,25,21
513,m529,61.45833333,11.45833333,0,star wars,1977,8.8,326619,"['action', 'adventure', 'fantasy', 'sci-fi']",0,0.110748023,96,62,51,32,5,12,12,1,34,15,3,8,1,15,2,23
251,m530,32.79569892,43.5483871,0,starship troopers,1997,7.1,84874,"['action', 'adventure', 'sci-fi', 'thriller']",1,0.096343586,186,113,84,66,10,32,20,1,60,23,4,6,6,9,10,41
503,m531,64.61538462,0,0,star trek: the motion picture,1979,6.2,25723,"['adventure', 'fantasy', 'mystery', 'sci-fi']",0,0.065030651,130,67,57,13,1,7,8,3,32,10,7,7,5,3,2,49
132,m532,34.17721519,47.67932489,0.843881857,state and main,2000,6.8,13163,"['comedy', 'drama']",?,0.111699977,237,174,148,89,15,43,23,29,82,67,39,46,16,10,30,133
213,m533,0,42.80442804,54.98154982,stepmom,1998,6.2,18714,"['comedy', 'drama']",1,0.049400678,271,200,163,115,22,58,30,19,76,51,24,17,27,16,31,78
96,m534,16.66666667,46.42857143,0,storytelling,2001,6.7,9677,"['comedy', 'drama']",?,0.068282007,84,67,58,39,9,25,12,4,41,30,4,17,8,13,18,14
9,m535,0,0,0,stranglehold,2007,8.6,907,"['action', 'adventure', 'crime']",?,0.080495155,58,45,34,32,6,25,7,0,22,9,1,5,4,8,5,6
558,m536,43.26241135,0,0,dr. strangelove or: how i learned to stop worrying and love the bomb,1964,8.6,158529,"['comedy', 'drama']",0,0.032742591,141,101,76,72,11,47,19,14,33,33,12,12,13,22,32,33
278,m537,51.38888889,43.98148148,2.777777778,suburbia,1996,6.5,4552,"['comedy', 'drama']",?,0.035597613,216,177,144,122,10,91,32,68,66,86,25,41,29,10,83,63
97,m538,0,17.64705882,54.11764706,sugar & spice,2001,5.2,6981,"['comedy', 'crime']",?,0.036644978,85,64,45,42,11,11,19,2,38,15,17,18,6,3,2,5
583,m539,19.54887218,61.65413534,0,sunset blvd.,1950,8.7,55994,"['drama', 'film-noir']",0,0.099305096,133,115,94,67,16,31,25,1,56,39,29,30,8,17,4,7
466,m540,3.267973856,58.16993464,27.45098039,supergirl,1984,4.1,6576,"['action', 'adventure', 'sci-fi']",1,0.047295642,153,114,94,61,8,15,19,0,50,30,15,23,6,4,4,19
472,m541,38.81578947,28.94736842,6.578947368,superman iii,1983,4.7,18340,"['action', 'adventure', 'comedy', 'fantasy', 'sci-fi']",1,0.109021164,152,110,84,68,16,21,20,1,47,29,7,20,6,6,6,17
494,m542,5.263157895,40,0,superman ii,1980,6.7,29941,"['action', 'adventure', 'fantasy', 'romance', 'sci-fi']",1,0.129587782,95,77,59,46,15,22,15,0,35,18,12,13,6,7,5,4
430,m543,19.31818182,23.86363636,0,superman iv: the quest for peace,1987,3.4,15332,"['action', 'adventure', 'family', 'fantasy', 'sci-fi']",1,0.138824532,88,58,45,31,9,13,12,0,23,14,12,10,2,4,4,8
508,m544,29.50819672,60.6557377,0,superman,1978,7.3,51172,"['action', 'family', 'sci-fi']",0,0.145915663,122,88,76,54,9,20,16,3,39,17,15,13,10,12,11,5
257,m545,22.44897959,59.18367347,2.040816327,the sweet hereafter,1997,7.8,16463,['drama'],?,0.075559816,147,113,82,73,17,31,20,4,48,30,16,30,6,11,7,4
571,m546,32.5,38.75,0,sweet smell of success,1957,8.2,9014,"['drama', 'film-noir']",0,0.058827645,160,120,88,75,10,42,18,7,48,19,15,17,14,17,22,21
374,m547,45.97701149,25.28735632,0,terminator 2: judgment day,1991,8.5,243230,"['action', 'sci-fi', 'thriller']",1,0.070428252,87,69,59,35,6,18,10,4,41,42,14,12,20,6,13,8
98,m548,74.11764706,15.29411765,0,taking sides,2001,7.2,1950,"['drama', 'music', 'war']",?,0.075679364,85,67,52,46,10,31,9,6,35,24,5,16,8,15,10,15
468,m549,0,51.31578947,7.894736842,the terminator,1984,8.1,183538,"['action', 'sci-fi', 'thriller']",1,0.061458932,76,49,36,23,2,10,5,3,19,16,11,16,3,7,11,11
253,m550,27.45098039,54.24836601,0,the game,1997,7.7,75861,"['drama', 'mystery', 'thriller']",0,0.027941517,153,117,91,68,23,28,25,10,57,30,34,22,9,19,18,21
176,m551,15.31531532,43.24324324,27.92792793,the haunting,1999,4.6,32086,"['horror', 'thriller', 'mystery']",1,0.079775572,111,69,48,41,3,23,9,12,19,21,13,11,4,8,19,26
178,m552,36.13445378,47.05882353,0,the limey,1999,7,15465,"['crime', 'drama', 'mystery', 'thriller']",?,0.040549964,119,92,76,59,12,33,18,14,57,39,18,36,16,9,30,41
102,m553,44.82758621,28.44827586,0,the man who wasn'tthere,2001,7.7,41452,"['crime', 'drama']",?,0.119889625,116,93,68,68,13,41,16,2,44,35,23,22,15,21,21,21
256,m554,45.51724138,35.17241379,0,the relic,1997,5.4,10340,"['horror', 'mystery', 'thriller']",?,0.088568351,145,94,74,53,15,16,20,4,41,26,14,13,10,14,8,3
219,m555,42.85714286,36.9047619,0,the truman show,1998,8,160825,['drama'],0,0.127149226,84,51,39,29,7,14,4,4,37,9,10,10,4,11,6,5
220,m556,21.6,40.8,0,the x files,1998,6.8,39090,"['crime', 'horror', 'mystery', 'sci-fi', 'thriller']",1,0.02801084,125,80,59,54,17,33,11,7,38,15,9,11,15,15,10,6
134,m557,15.29411765,56.47058824,22.35294118,the cell,2000,6.2,37417,"['drama', 'fantasy', 'horror', 'sci-fi', 'thriller']",0,0.063145885,85,52,36,34,3,4,19,1,23,9,5,5,2,11,1,1
586,m558,39.81481481,30.55555556,0,the third man,1949,8.5,51872,"['film-noir', 'mystery', 'thriller']",0,0.073609286,216,128,89,69,8,35,18,15,54,36,6,24,37,28,21,9
133,m559,60,37.14285714,0,the beach,2000,6.3,55734,"['adventure', 'drama', 'romance', 'thriller']",0,0.046955885,35,24,17,18,3,12,0,1,16,6,6,3,8,6,1,1
100,m560,35.17241379,31.03448276,0,the believer,2001,7.3,11345,['drama'],?,0.015471802,145,97,72,65,8,41,12,21,46,20,7,17,48,16,29,5
415,m561,29.22077922,48.05194805,10.38961039,le grand bleu,1988,7.4,18313,"['adventure', 'drama', 'romance']",?,0.127635378,154,116,95,64,13,26,18,6,46,42,17,21,25,11,14,17
53,m562,16.86746988,40.96385542,0,the hebrew hammer,2003,6.2,2900,['comedy'],?,0.077342542,83,64,38,38,9,18,14,2,18,13,2,7,1,21,0,3
592,m563,33.33333333,34.28571429,6.666666667,the leopard man,1943,6.9,1518,"['drama', 'horror', 'mystery', 'thriller']",?,0.044944106,105,77,55,57,21,20,20,3,45,21,12,34,7,22,8,17
179,m564,25.6097561,54.87804878,0,the lost son,1999,6.5,911,"['crime', 'drama', 'romance', 'thriller']",?,0.031400202,164,131,109,92,29,51,28,18,68,36,28,53,34,30,25,35
2,m565,9.89010989,59.89010989,2.747252747,the messenger,2009,7.4,9224,"['drama', 'romance', 'war']",0,0.117384914,182,139,118,87,13,51,27,2,37,24,14,32,67,37,11,0
70,m566,24.67532468,27.27272727,0,the pianist,2002,8.5,138080,"['biography', 'drama', 'war']",0,0.04108664,77,51,39,36,6,15,8,4,24,17,6,12,11,7,12,18
342,m567,29.62962963,38.88888889,0,the piano,1993,7.5,28525,"['drama', 'romance']",1,0.057042171,54,41,28,27,7,13,8,4,11,10,4,13,6,6,11,30
534,m568,58.77862595,6.106870229,0,the sting,1973,8.4,67231,"['comedy', 'crime', 'drama']",0,0.07429481,131,101,77,62,9,33,18,11,41,30,14,35,13,15,14,41
605,m569,15.81632653,50.51020408,10.71428571,the thin man,1934,8.1,11936,"['comedy', 'crime', 'drama', 'mystery', 'romance']",?,0.074618241,196,145,108,94,17,61,23,0,51,40,16,44,20,43,11,10
185,m570,47.88135593,49.57627119,0,three kings,1999,7.3,69757,"['action', 'adventure', 'comedy', 'drama', 'war']",?,0.054077163,236,151,94,104,18,59,31,6,28,18,13,22,27,40,30,14
545,m571,30.26315789,31.57894737,0,thx 1138,1971,6.8,15741,"['drama', 'mystery', 'sci-fi', 'thriller']",0,0.080832887,76,50,34,32,7,13,8,7,22,8,4,8,5,6,15,10
103,m572,0,0,0,ticker,2001,3.3,3933,"['action', 'thriller', 'crime']",?,0.031851477,122,77,65,39,12,13,12,5,37,20,11,17,9,1,8,32
611,m573,21.59090909,52.27272727,7.954545455,trouble in paradise,1932,8.2,4781,"['comedy', 'crime', 'romance']",?,0.108248422,88,68,63,47,14,11,21,1,31,18,16,15,12,8,7,21
258,m574,11.76470588,62.5,4.411764706,titanic,1997,7.4,244771,"['drama', 'history', 'romance']",1,0.160670982,136,94,81,50,11,15,26,0,20,32,2,18,4,7,4,22
606,m575,46.06741573,40.4494382,1.123595506,transatlantic merry-go-round,1934,6.9,53,"['comedy', 'musical', 'mystery', 'romance']",?,0.120004667,178,141,118,81,12,39,29,4,47,37,14,45,26,14,19,46
343,m576,40.12345679,18.51851852,0,tombstone,1993,7.7,44204,"['action', 'drama', 'history', 'romance', 'western']",1,0.058679036,162,122,98,73,11,37,26,3,61,37,14,30,22,17,20,28
259,m577,41.44736842,0,0,tomorrow never dies,1997,6.4,47198,"['action', 'adventure', 'thriller']",?,0.064854426,152,112,85,73,10,35,18,2,42,35,33,32,17,20,13,1
385,m578,36.08247423,50.51546392,3.092783505,to sleep with anger,1990,6.8,490,['drama'],?,0.034725132,97,68,55,38,2,21,15,1,21,19,21,15,5,10,8,18
305,m579,39.73509934,10.59602649,0,toy story,1995,8.2,156231,"['animation', 'adventure', 'comedy', 'family', 'fantasy']",0,0.075076738,151,88,61,60,16,24,10,3,29,27,20,14,7,9,4,20
433,m580,0,100,0,the magictoyshop,1987,6.2,90,['fantasy'],?,0.016718396,35,18,17,10,1,8,0,4,14,8,6,6,1,1,7,4
139,m581,13.84615385,42.30769231,3.846153846,traffic,2000,7.8,86662,"['crime', 'drama', 'thriller']",1,0.022712775,130,105,76,77,13,56,20,32,58,19,16,41,9,16,42,9
284,m582,43.66197183,16.90140845,0,trainspotting,1996,8.2,153782,"['crime', 'drama']",0,0.026102214,71,55,45,41,12,19,16,9,27,10,6,9,9,9,13,7
404,m583,64.28571429,0,0,star trek v: the final frontier,1989,5,20749,"['action', 'adventure', 'sci-fi', 'thriller']",0,0.067624712,112,83,64,44,10,14,12,1,47,17,5,17,6,4,4,13
487,m584,56.25,14.58333333,0,tron,1982,6.7,25903,"['action', 'adventure', 'sci-fi', 'thriller', 'sci-fi']",0,0.08547035,96,66,51,37,7,22,6,5,34,17,10,14,4,6,14,15
325,m585,36.64596273,37.26708075,2.48447205,true lies,1994,7.2,81801,"['action', 'thriller']",1,0.061510404,161,120,102,65,9,39,18,21,48,39,17,26,7,14,35,40
344,m586,42.94117647,35.88235294,0,true romance,1993,7.9,74762,"['crime', 'romance', 'thriller']",0,0.077213566,170,131,100,102,24,79,14,44,56,50,21,27,11,20,70,32
306,m587,15.625,44.79166667,0,twelve monkeys,1995,8.1,173320,"['mystery', 'sci-fi', 'thriller']",0,-0.025076601,96,58,43,43,9,27,17,5,20,19,5,24,23,17,18,12
535,m588,37.64705882,47.64705882,0,u-turn,1973,5.8,37,['drama'],?,0.043842098,170,146,123,110,15,89,30,22,44,34,30,63,34,51,60,27
260,m589,39.64497041,44.9704142,0,u turn,1997,6.7,25388,"['crime', 'drama', 'thriller']",?,0.030929479,169,130,100,90,14,55,21,14,48,41,24,34,22,24,38,27
140,m590,43.67816092,29.88505747,0,unbreakable,2000,7.3,98767,"['drama', 'fantasy', 'mystery', 'thriller']",0,0.042342447,87,67,38,53,4,42,10,15,16,18,8,38,17,31,30,32
363,m591,68.05555556,24.30555556,0.694444444,unforgiven,1992,8.3,101270,"['drama', 'western']",1,0.01405895,144,110,74,88,12,71,18,13,31,17,9,43,25,44,50,46
304,m592,43.22033898,7.627118644,0,the usual suspects,1995,8.7,272137,"['crime', 'mystery', 'thriller']",0,0.058593772,118,82,66,45,14,19,12,4,61,14,7,23,8,10,11,8
530,m593,32.33082707,22.55639098,0,verdict,1974,5.7,135,['drama'],?,0.097046869,133,93,79,58,13,23,23,10,53,24,18,31,11,15,17,15
570,m594,0,91.21621622,0,vertigo,1958,8.6,93524,"['crime', 'mystery', 'romance', 'thriller']",0,0.102837424,148,108,80,61,14,38,23,20,39,37,26,14,15,21,26,11
222,m595,75.74257426,13.36633663,0.99009901,very bad things,1998,6,22977,"['comedy', 'crime', 'thriller']",?,0.039081599,202,149,113,98,23,55,36,23,46,38,27,30,32,29,37,14
562,m596,0,48.0620155,6.201550388,viridiana,1961,8.2,6288,['drama'],?,0.085131677,129,93,60,65,17,42,17,4,43,18,8,7,13,22,18,1
307,m597,20.33898305,41.52542373,0,virtuosity,1995,5.3,11191,"['action', 'crime', 'sci-fi', 'thriller']",0,0.072665101,118,84,63,51,11,34,11,6,55,20,12,14,12,24,15,65
261,m598,28.64321608,44.72361809,0,wag the dog,1997,7.1,36448,"['comedy', 'drama']",?,0.058912772,199,151,119,93,22,63,21,17,97,51,36,63,26,34,37,117
435,m599,50.35971223,28.05755396,0,wall street,1987,7.3,39082,"['crime', 'drama']",?,0.125626521,139,116,95,73,21,26,24,6,56,42,23,44,8,10,20,18
418,m600,4.87804878,36.58536585,4.87804878,waxwork,1988,6,2596,"['comedy', 'fantasy', 'horror']",?,0.070858,41,27,22,13,4,4,7,1,9,5,6,2,7,3,4,0
141,m601,0,58.08383234,31.13772455,what lies beneath,2000,6.5,46195,"['drama', 'horror', 'mystery', 'thriller']",1,0.062748387,167,107,81,65,13,29,26,8,36,19,27,13,16,28,12,19
283,m603,64.59627329,14.9068323,2.48447205,the witching hour,1996,6.5,69,"['documentary', 'short']",?,0.068498081,161,123,90,81,12,42,26,12,42,34,17,13,21,26,18,10
326,m604,10.12658228,59.49367089,0,white angel,1994,4.4,99,"['drama', 'thriller']",?,0.02282142,79,63,52,36,12,10,13,13,24,20,7,11,12,5,5,4
54,m605,46.51162791,40.69767442,0,who's your daddy?,2003,4.5,2267,['comedy'],?,0.123884283,172,138,111,80,16,41,25,29,69,48,30,47,20,13,32,19
223,m606,13.25301205,54.81927711,17.46987952,wild things,1998,6.6,40523,"['crime', 'mystery', 'thriller']",1,-0.009534123,166,130,98,81,10,53,18,13,49,27,13,23,20,20,38,10
186,m607,71.17117117,12.61261261,0,wild wild west,1999,4.3,54943,"['action', 'western', 'comedy', 'sci-fi']",0,0.125290899,111,65,38,45,6,19,12,0,19,13,7,3,4,10,1,14
420,m608,29.50819672,24.59016393,0,willow,1988,7.1,33506,"['action', 'adventure', 'drama', 'fantasy', 'romance']",1,0.06136915,122,70,48,39,5,17,8,1,34,19,11,11,13,6,9,2
457,m609,29.89690722,54.63917526,4.12371134,witness,1985,7.6,30705,"['drama', 'romance', 'thriller']",1,0.07569467,97,74,54,49,11,19,17,1,19,9,17,5,9,10,1,18
601,m610,26.10837438,41.37931034,4.926108374,the wizard of oz,1939,8.3,104873,"['adventure', 'family', 'fantasy', 'musical']",1,0.113358164,203,135,93,86,26,37,24,3,37,17,14,24,10,32,6,18
184,m611,31.19266055,60.55045872,0,the world is not enough,1999,6.3,60047,"['action', 'adventure', 'thriller']",0,0.08382844,109,79,51,53,10,23,16,8,23,10,4,9,16,22,14,6
3,m612,29.20353982,53.09734513,0,watchmen,2009,7.8,135229,"['action', 'crime', 'fantasy', 'mystery', 'sci-fi', 'thriller']",1,0.027727481,113,93,66,76,13,47,11,5,57,32,9,27,18,19,27,20
73,m613,34.28571429,32.38095238,0,xxx,2002,5.6,53505,"['action', 'adventure', 'crime']",0,0.060221163,105,71,56,51,15,22,19,3,45,14,9,19,11,14,14,13
144,m614,0,0,0,x-men,2000,7.4,122149,"['action', 'sci-fi']",0,0.008770799,59,44,38,15,4,3,5,0,21,10,5,6,1,5,0,2
531,m615,32.71604938,40.12345679,0,young frankenstein,1974,8,57618,"['comedy', 'sci-fi']",0,0.096075613,162,113,93,59,12,17,12,3,49,33,9,8,14,12,3,5
504,m616,0,0,0,zulu dawn,1979,6.4,1911,"['action', 'adventure', 'drama', 'history', 'war']",?,0.223278209,23,21,17,11,4,8,0,0,8,5,0,0,6,3,0,0